LanguageCode,Key,CreatedBy,CreatedByName,ModifiedBy,ModifiedByName,CreatedDate,ModifiedDate,Active,LanguageId,Value
EN,accountsReceivable_menu,00000000-0000-0000-0000-000000000000,NULL,NULL,NULL,0001-01-01 00:00:00.0000000,NULL,1,1,Accounts Receivable
EN,accountState_menu,00000000-0000-0000-0000-000000000000,NULL,NULL,NULL,0001-01-01 00:00:00.0000000,NULL,1,1,Account State
EN,actions_lbl,00000000-0000-0000-0000-000000000000,NULL,NULL,NULL,0001-01-01 00:00:00.0000000,NULL,1,1,Actions
EN,address_lbl,00000000-0000-0000-0000-000000000000,NULL,NULL,NULL,0001-01-01 00:00:00.0000000,NULL,1,1,Address
EN,all_lbl,00000000-0000-0000-0000-000000000000,NULL,NULL,NULL,0001-01-01 00:00:00.0000000,NULL,1,1,All
EN,amount_lbl,00000000-0000-0000-0000-000000000000,NULL,NULL,NULL,0001-01-01 00:00:00.0000000,NULL,1,1,Amount
EN,amountIsGreater_msg,00000000-0000-0000-0000-000000000000,NULL,NULL,NULL,0001-01-01 00:00:00.0000000,NULL,1,1,Credit note amount is greater than invoice amount.
EN,areadyClosed_error,00000000-0000-0000-0000-000000000000,NULL,NULL,NULL,0001-01-01 00:00:00.0000000,NULL,1,1,Already closed
EN,areYouSure_lbl,00000000-0000-0000-0000-000000000000,NULL,NULL,NULL,0001-01-01 00:00:00.0000000,NULL,1,1,Are you sure?
EN,auth_menu,00000000-0000-0000-0000-000000000000,NULL,NULL,NULL,0001-01-01 00:00:00.0000000,NULL,1,1,Auth
EN,baseProducts_lbl,00000000-0000-0000-0000-000000000000,NULL,NULL,NULL,0001-01-01 00:00:00.0000000,NULL,1,1,Base products
EN,beforeTaxAmount_lbl,00000000-0000-0000-0000-000000000000,NULL,NULL,NULL,0001-01-01 00:00:00.0000000,NULL,1,1,Before taxes amount
EN,beforeTaxesAmount_lbl,00000000-0000-0000-0000-000000000000,NULL,NULL,NULL,0001-01-01 00:00:00.0000000,NULL,1,1,Before taxes amount
EN,billing_menu,00000000-0000-0000-0000-000000000000,NULL,NULL,NULL,0001-01-01 00:00:00.0000000,NULL,1,1,Billing
EN,billingAmountLimit_lbl,00000000-0000-0000-0000-000000000000,NULL,NULL,NULL,0001-01-01 00:00:00.0000000,NULL,1,1,Billing amount limit
EN,birthDay_lbl,00000000-0000-0000-0000-000000000000,NULL,NULL,NULL,0001-01-01 00:00:00.0000000,NULL,1,1,Birth day
EN,branchOffice_lbl,00000000-0000-0000-0000-000000000000,NULL,NULL,NULL,0001-01-01 00:00:00.0000000,NULL,1,1,Branch office
EN,branchOffice_menu,00000000-0000-0000-0000-000000000000,NULL,NULL,NULL,0001-01-01 00:00:00.0000000,NULL,1,1,Branch Offices
EN,cancel_btn,00000000-0000-0000-0000-000000000000,NULL,NULL,NULL,0001-01-01 00:00:00.0000000,NULL,1,1,Cancel
EN,CannotDeleteExpense_msg,00000000-0000-0000-0000-000000000000,NULL,NULL,NULL,0001-01-01 00:00:00.0000000,NULL,1,1,Cannot delete expense
EN,cannotDeleteTax_msg,00000000-0000-0000-0000-000000000000,NULL,NULL,NULL,0001-01-01 00:00:00.0000000,NULL,1,1,Cannot delete product tax. 
EN,cannotEraseUnit_msg,00000000-0000-0000-0000-000000000000,NULL,NULL,NULL,0001-01-01 00:00:00.0000000,NULL,1,1,Cannot erase product unit.
EN,cannotRemoveBaseProduct_msg,00000000-0000-0000-0000-000000000000,NULL,NULL,NULL,0001-01-01 00:00:00.0000000,NULL,1,1,Cannot remove base product.
EN,CannotUpdateExpense_msg,00000000-0000-0000-0000-000000000000,NULL,NULL,NULL,0001-01-01 00:00:00.0000000,NULL,1,1,Cannot update  expense
EN,cannotUpdatePayment_msg,00000000-0000-0000-0000-000000000000,NULL,NULL,NULL,0001-01-01 00:00:00.0000000,NULL,1,1,Cannot update payment. 
EN,CantCloseWithZero_error,00000000-0000-0000-0000-000000000000,NULL,NULL,NULL,0001-01-01 00:00:00.0000000,NULL,1,1,Closure amount cannot be 0
EN,cardId_lbl,00000000-0000-0000-0000-000000000000,NULL,NULL,NULL,0001-01-01 00:00:00.0000000,NULL,1,1,Card Id
EN,cash_lbl,00000000-0000-0000-0000-000000000000,NULL,NULL,NULL,0001-01-01 00:00:00.0000000,NULL,1,1,Cash
EN,cashRegister_lbl,00000000-0000-0000-0000-000000000000,NULL,NULL,NULL,0001-01-01 00:00:00.0000000,NULL,1,1,Cash register
EN,cashRegister_menu,00000000-0000-0000-0000-000000000000,NULL,NULL,NULL,0001-01-01 00:00:00.0000000,NULL,1,1,Cash Registers
EN,cashRegisterManteinance_menu,00000000-0000-0000-0000-000000000000,NULL,NULL,NULL,0001-01-01 00:00:00.0000000,NULL,1,1,Manteinance
EN,cashRegisterOpeningHours_lbl,00000000-0000-0000-0000-000000000000,NULL,NULL,NULL,0001-01-01 00:00:00.0000000,NULL,1,1,Cash register opening hours
EN,cashRegisterOpeningIsClosed_msg,00000000-0000-0000-0000-000000000000,NULL,NULL,NULL,0001-01-01 00:00:00.0000000,NULL,1,1,Cash register already closed
EN,cashROpenClose_menu,00000000-0000-0000-0000-000000000000,NULL,NULL,NULL,0001-01-01 00:00:00.0000000,NULL,1,1,Opening/Closing
EN,changePass_menu,00000000-0000-0000-0000-000000000000,NULL,NULL,NULL,0001-01-01 00:00:00.0000000,NULL,1,1,Change Password
EN,check_lbl,00000000-0000-0000-0000-000000000000,NULL,NULL,NULL,0001-01-01 00:00:00.0000000,NULL,1,1,Check
EN,closeCashRegister_btn,00000000-0000-0000-0000-000000000000,NULL,NULL,NULL,0001-01-01 00:00:00.0000000,NULL,1,1,Close cash register
EN,closing_lbl,00000000-0000-0000-0000-000000000000,NULL,NULL,NULL,0001-01-01 00:00:00.0000000,NULL,1,1,Closing
EN,closureAmount_lbl,00000000-0000-0000-0000-000000000000,NULL,NULL,NULL,0001-01-01 00:00:00.0000000,NULL,1,1,Closure amount
EN,closureDate_lbl,00000000-0000-0000-0000-000000000000,NULL,NULL,NULL,0001-01-01 00:00:00.0000000,NULL,1,1,Closure date
EN,code_lbl,00000000-0000-0000-0000-000000000000,NULL,NULL,NULL,0001-01-01 00:00:00.0000000,NULL,1,1,Code
EN,comissionByProduct_lbl,00000000-0000-0000-0000-000000000000,NULL,NULL,NULL,0001-01-01 00:00:00.0000000,NULL,1,1,Product comissions
EN,comissionRate_lbl,00000000-0000-0000-0000-000000000000,NULL,NULL,NULL,0001-01-01 00:00:00.0000000,NULL,1,1,Comission rate
EN,commissions_menu,00000000-0000-0000-0000-000000000000,NULL,NULL,NULL,0001-01-01 00:00:00.0000000,NULL,1,1,Commissions
EN,core_menu,00000000-0000-0000-0000-000000000000,NULL,NULL,NULL,0001-01-01 00:00:00.0000000,NULL,1,1,Configurations
EN,cost_lbl,00000000-0000-0000-0000-000000000000,NULL,NULL,NULL,0001-01-01 00:00:00.0000000,NULL,1,1,Cost
EN,creditAmountLimit_lbl,00000000-0000-0000-0000-000000000000,NULL,NULL,NULL,0001-01-01 00:00:00.0000000,NULL,1,1,Credit amount limit
EN,creditCard_lbl,00000000-0000-0000-0000-000000000000,NULL,NULL,NULL,0001-01-01 00:00:00.0000000,NULL,1,1,Credit card
EN,creditLimitReached_msg,00000000-0000-0000-0000-000000000000,NULL,NULL,NULL,0001-01-01 00:00:00.0000000,NULL,1,1,Credit limit reached. Cannot continue.
EN,creditNoteApplied_msg,00000000-0000-0000-0000-000000000000,NULL,NULL,NULL,0001-01-01 00:00:00.0000000,NULL,1,1,Credit note is already applied.
EN,creditNoteNotExist_msg,00000000-0000-0000-0000-000000000000,NULL,NULL,NULL,0001-01-01 00:00:00.0000000,NULL,1,1,Credit note does not exist. 
EN,currencies_menu,00000000-0000-0000-0000-000000000000,NULL,NULL,NULL,0001-01-01 00:00:00.0000000,NULL,1,1,Currencies
EN,currency_lbl,00000000-0000-0000-0000-000000000000,NULL,NULL,NULL,0001-01-01 00:00:00.0000000,NULL,1,1,Currency
EN,customerPayment_menu,00000000-0000-0000-0000-000000000000,NULL,NULL,NULL,0001-01-01 00:00:00.0000000,NULL,1,1,Payments
EN,customers_menu,00000000-0000-0000-0000-000000000000,NULL,NULL,NULL,0001-01-01 00:00:00.0000000,NULL,1,1,Customers
EN,customersList_menu,00000000-0000-0000-0000-000000000000,NULL,NULL,NULL,0001-01-01 00:00:00.0000000,NULL,1,1,Customers List
EN,customersReturns_menu,00000000-0000-0000-0000-000000000000,NULL,NULL,NULL,0001-01-01 00:00:00.0000000,NULL,1,1,Customers Returns
EN,dashboard_menu,00000000-0000-0000-0000-000000000000,NULL,NULL,NULL,0001-01-01 00:00:00.0000000,NULL,1,1,Dashboard
EN,date_lbl,00000000-0000-0000-0000-000000000000,NULL,NULL,NULL,0001-01-01 00:00:00.0000000,NULL,1,1,Date
EN,debtsToPay_menu,00000000-0000-0000-0000-000000000000,NULL,NULL,NULL,0001-01-01 00:00:00.0000000,NULL,1,1,Debts To Pay
EN,defWarehouseNotExit_msg,00000000-0000-0000-0000-000000000000,NULL,NULL,NULL,0001-01-01 00:00:00.0000000,NULL,1,1,Defective warehouse does not exist. Please create one with 'DEF' as code first. 
EN,delete_btn,00000000-0000-0000-0000-000000000000,NULL,NULL,NULL,0001-01-01 00:00:00.0000000,NULL,1,1,Delete
EN,deleteConfirm_lbl,00000000-0000-0000-0000-000000000000,NULL,NULL,NULL,0001-01-01 00:00:00.0000000,NULL,1,1,Are you sure you want to delete?
EN,description_lbl,00000000-0000-0000-0000-000000000000,NULL,NULL,NULL,0001-01-01 00:00:00.0000000,NULL,1,1,Description
EN,destinyBranchOffice_lbl,00000000-0000-0000-0000-000000000000,NULL,NULL,NULL,0001-01-01 00:00:00.0000000,NULL,1,1,Destiny branch office
EN,destinyWarehouse_lbl,00000000-0000-0000-0000-000000000000,NULL,NULL,NULL,0001-01-01 00:00:00.0000000,NULL,1,1,Destiny warehouse
EN,details_lbl,00000000-0000-0000-0000-000000000000,NULL,NULL,NULL,0001-01-01 00:00:00.0000000,NULL,1,1,Details
EN,differentCurrency_msg,00000000-0000-0000-0000-000000000000,NULL,NULL,NULL,0001-01-01 00:00:00.0000000,NULL,1,1,Currencies are different. You can only apply the same currency. 
EN,edit_btn,00000000-0000-0000-0000-000000000000,NULL,NULL,NULL,0001-01-01 00:00:00.0000000,NULL,1,1,Edit
EN,email_input,00000000-0000-0000-0000-000000000000,NULL,NULL,NULL,0001-01-01 00:00:00.0000000,NULL,1,1,Email
EN,email_lbl,00000000-0000-0000-0000-000000000000,NULL,NULL,NULL,0001-01-01 00:00:00.0000000,NULL,1,1,Email
EN,emptyInvoice_msg,00000000-0000-0000-0000-000000000000,NULL,NULL,NULL,0001-01-01 00:00:00.0000000,NULL,1,1,Invoice doesn't have any details. Cannot be empty.
EN,equivalence_lbl,00000000-0000-0000-0000-000000000000,NULL,NULL,NULL,0001-01-01 00:00:00.0000000,NULL,1,1,Equivalence
EN,error_msg,00000000-0000-0000-0000-000000000000,NULL,NULL,NULL,0001-01-01 00:00:00.0000000,NULL,1,1,Error: Could not completed the current operation. 
EN,errorDictionary_msg,00000000-0000-0000-0000-000000000000,NULL,NULL,NULL,0001-01-01 00:00:00.0000000,NULL,1,1,Error dictionary
EN,exchangeRate_lbl,00000000-0000-0000-0000-000000000000,NULL,NULL,NULL,0001-01-01 00:00:00.0000000,NULL,1,1,Exchange rate
EN,existence_lbl,00000000-0000-0000-0000-000000000000,NULL,NULL,NULL,0001-01-01 00:00:00.0000000,NULL,1,1,Existence
EN,exo_lbl,00000000-0000-0000-0000-000000000000,NULL,NULL,NULL,0001-01-01 00:00:00.0000000,NULL,1,1,Exnonerated
EN,expenses_menu,00000000-0000-0000-0000-000000000000,NULL,NULL,NULL,0001-01-01 00:00:00.0000000,NULL,1,1,Expenses
EN,expensesPayment_menu,00000000-0000-0000-0000-000000000000,NULL,NULL,NULL,0001-01-01 00:00:00.0000000,NULL,1,1,Payments
EN,expensesRegister_menu,00000000-0000-0000-0000-000000000000,NULL,NULL,NULL,0001-01-01 00:00:00.0000000,NULL,1,1,Register expenses
EN,export_btn,00000000-0000-0000-0000-000000000000,NULL,NULL,NULL,0001-01-01 00:00:00.0000000,NULL,1,1,Export
EN,female_lbl,00000000-0000-0000-0000-000000000000,NULL,NULL,NULL,0001-01-01 00:00:00.0000000,NULL,1,1,Female
EN,fixedComission_lbl,00000000-0000-0000-0000-000000000000,NULL,NULL,NULL,0001-01-01 00:00:00.0000000,NULL,1,1,Fixed comission
EN,forgotPass_msg,00000000-0000-0000-0000-000000000000,NULL,NULL,NULL,0001-01-01 00:00:00.0000000,NULL,1,1,Forgot Password?
EN,gender_lbl,00000000-0000-0000-0000-000000000000,NULL,NULL,NULL,0001-01-01 00:00:00.0000000,NULL,1,1,Gender
EN,id_lbl,00000000-0000-0000-0000-000000000000,NULL,NULL,NULL,0001-01-01 00:00:00.0000000,NULL,1,1,Id
EN,incomeReceipts_menu,00000000-0000-0000-0000-000000000000,NULL,NULL,NULL,0001-01-01 00:00:00.0000000,NULL,1,1,Income Receipts
EN,invalidInvoice_msg,00000000-0000-0000-0000-000000000000,NULL,NULL,NULL,0001-01-01 00:00:00.0000000,NULL,1,1,Invalid invoice.
EN,inventory_menu,00000000-0000-0000-0000-000000000000,NULL,NULL,NULL,0001-01-01 00:00:00.0000000,NULL,1,1,Inventory
EN,inventoryDoesntExist_msg,00000000-0000-0000-0000-000000000000,NULL,NULL,NULL,0001-01-01 00:00:00.0000000,NULL,1,1,Inventory doesnt exist
EN,inventoryIn_menu,00000000-0000-0000-0000-000000000000,NULL,NULL,NULL,0001-01-01 00:00:00.0000000,NULL,1,1,Inventory Incomes
EN,invoiceDueDays_lbl,00000000-0000-0000-0000-000000000000,NULL,NULL,NULL,0001-01-01 00:00:00.0000000,NULL,1,1,Invoice due days
EN,invoicePaid_msg,00000000-0000-0000-0000-000000000000,NULL,NULL,NULL,0001-01-01 00:00:00.0000000,NULL,1,1,Invoice is already paid.
EN,invoices_menu,00000000-0000-0000-0000-000000000000,NULL,NULL,NULL,0001-01-01 00:00:00.0000000,NULL,1,1,Invoices
EN,isActive_lbl,00000000-0000-0000-0000-000000000000,NULL,NULL,NULL,0001-01-01 00:00:00.0000000,NULL,1,1,Active?
EN,isCompositeProduct_lbl,00000000-0000-0000-0000-000000000000,NULL,NULL,NULL,0001-01-01 00:00:00.0000000,NULL,1,1,Composite product
EN,isDefective_lbl,00000000-0000-0000-0000-000000000000,NULL,NULL,NULL,0001-01-01 00:00:00.0000000,NULL,1,1,Defective
EN,isLocalCurrency_lbl,00000000-0000-0000-0000-000000000000,NULL,NULL,NULL,0001-01-01 00:00:00.0000000,NULL,1,1,Local currency
EN,isPrimary_lbl,00000000-0000-0000-0000-000000000000,NULL,NULL,NULL,0001-01-01 00:00:00.0000000,NULL,1,1,Primary
EN,isService_lbl,00000000-0000-0000-0000-000000000000,NULL,NULL,NULL,0001-01-01 00:00:00.0000000,NULL,1,1,Is service
EN,language_lbl,00000000-0000-0000-0000-000000000000,NULL,NULL,NULL,0001-01-01 00:00:00.0000000,NULL,1,1,Language
EN,lastName_lbl,00000000-0000-0000-0000-000000000000,NULL,NULL,NULL,0001-01-01 00:00:00.0000000,NULL,1,1,Last name
EN,login_menu,00000000-0000-0000-0000-000000000000,NULL,NULL,NULL,0001-01-01 00:00:00.0000000,NULL,1,1,Login
EN,logOut_btn,00000000-0000-0000-0000-000000000000,NULL,NULL,NULL,0001-01-01 00:00:00.0000000,NULL,1,1,Log Out
EN,logOut_menu,00000000-0000-0000-0000-000000000000,NULL,NULL,NULL,0001-01-01 00:00:00.0000000,NULL,1,1,Log out
EN,male_lbl,00000000-0000-0000-0000-000000000000,NULL,NULL,NULL,0001-01-01 00:00:00.0000000,NULL,1,1,Male
EN,maxClosureDate_lbl,00000000-0000-0000-0000-000000000000,NULL,NULL,NULL,0001-01-01 00:00:00.0000000,NULL,1,1,Max closure date
EN,mobile_lbl,00000000-0000-0000-0000-000000000000,NULL,NULL,NULL,0001-01-01 00:00:00.0000000,NULL,1,1,Mobile phone number
EN,movements_menu,00000000-0000-0000-0000-000000000000,NULL,NULL,NULL,0001-01-01 00:00:00.0000000,NULL,1,1,Movements
EN,movementType_lbl,00000000-0000-0000-0000-000000000000,NULL,NULL,NULL,0001-01-01 00:00:00.0000000,NULL,1,1,Movement type
EN,name_lbl,00000000-0000-0000-0000-000000000000,NULL,NULL,NULL,0001-01-01 00:00:00.0000000,NULL,1,1,Name
EN,no_lbl,00000000-0000-0000-0000-000000000000,NULL,NULL,NULL,0001-01-01 00:00:00.0000000,NULL,1,1,No
EN,notExistingClass_msg,00000000-0000-0000-0000-000000000000,NULL,NULL,NULL,0001-01-01 00:00:00.0000000,NULL,1,1,Cannot process this product/Service. Class does not exist.
EN,notValid_msg,00000000-0000-0000-0000-000000000000,NULL,NULL,NULL,0001-01-01 00:00:00.0000000,NULL,1,1,Not valid
EN,numericControl_lbl,00000000-0000-0000-0000-000000000000,NULL,NULL,NULL,0001-01-01 00:00:00.0000000,NULL,1,1,Numeric number
EN,ok_btn,00000000-0000-0000-0000-000000000000,NULL,NULL,NULL,0001-01-01 00:00:00.0000000,NULL,1,1,OK
EN,ok_msg,00000000-0000-0000-0000-000000000000,NULL,NULL,NULL,0001-01-01 00:00:00.0000000,NULL,1,1,Operation completed successfully.
EN,opening_lbl,00000000-0000-0000-0000-000000000000,NULL,NULL,NULL,0001-01-01 00:00:00.0000000,NULL,1,1,Opening
EN,openingAmount_lbl,00000000-0000-0000-0000-000000000000,NULL,NULL,NULL,0001-01-01 00:00:00.0000000,NULL,1,1,Opening amount
EN,openingDate_lbl,00000000-0000-0000-0000-000000000000,NULL,NULL,NULL,0001-01-01 00:00:00.0000000,NULL,1,1,Opening date
EN,operations_lbl,00000000-0000-0000-0000-000000000000,NULL,NULL,NULL,0001-01-01 00:00:00.0000000,NULL,1,1,Operations
EN,originBranchOffice_lbl,00000000-0000-0000-0000-000000000000,NULL,NULL,NULL,0001-01-01 00:00:00.0000000,NULL,1,1,Origin branch office
EN,originQuantity_lbl,00000000-0000-0000-0000-000000000000,NULL,NULL,NULL,0001-01-01 00:00:00.0000000,NULL,1,1,Origin quantity
EN,originWarehouse_lbl,00000000-0000-0000-0000-000000000000,NULL,NULL,NULL,0001-01-01 00:00:00.0000000,NULL,1,1,Origin warehouse
EN,outOfStock_msg,00000000-0000-0000-0000-000000000000,NULL,NULL,NULL,0001-01-01 00:00:00.0000000,NULL,1,1,Product is out of stock.
EN,owedAmount_lbl,00000000-0000-0000-0000-000000000000,NULL,NULL,NULL,0001-01-01 00:00:00.0000000,NULL,1,1,Owed amount
EN,owedAmountOutdated_msg,00000000-0000-0000-0000-000000000000,NULL,NULL,NULL,0001-01-01 00:00:00.0000000,NULL,1,1,Owed amount is outdated. please try update and try again.
EN,paidAmount_lbl,00000000-0000-0000-0000-000000000000,NULL,NULL,NULL,0001-01-01 00:00:00.0000000,NULL,1,1,Paid amount
EN,parentUnitDoesntExist_msg,00000000-0000-0000-0000-000000000000,NULL,NULL,NULL,0001-01-01 00:00:00.0000000,NULL,1,1,Parent unit does not exist.
EN,password_input,00000000-0000-0000-0000-000000000000,NULL,NULL,NULL,0001-01-01 00:00:00.0000000,NULL,1,1,Password
EN,password_lbl,00000000-0000-0000-0000-000000000000,NULL,NULL,NULL,0001-01-01 00:00:00.0000000,NULL,1,1,Password
EN,paymentNotValid_msg,00000000-0000-0000-0000-000000000000,NULL,NULL,NULL,0001-01-01 00:00:00.0000000,NULL,1,1,Payment is not valid.
EN,paymentType_lbl,00000000-0000-0000-0000-000000000000,NULL,NULL,NULL,0001-01-01 00:00:00.0000000,NULL,1,1,Payment type
EN,permissions_lbl,00000000-0000-0000-0000-000000000000,NULL,NULL,NULL,0001-01-01 00:00:00.0000000,NULL,1,1,Permissions
EN,phone_lbl,00000000-0000-0000-0000-000000000000,NULL,NULL,NULL,0001-01-01 00:00:00.0000000,NULL,1,1,Phone number
EN,phoneNumber_lbl,00000000-0000-0000-0000-000000000000,NULL,NULL,NULL,0001-01-01 00:00:00.0000000,NULL,1,1,Phone number
EN,positiveBalance_lbl,00000000-0000-0000-0000-000000000000,NULL,NULL,NULL,0001-01-01 00:00:00.0000000,NULL,1,1,Positive balance
EN,price_lbl,00000000-0000-0000-0000-000000000000,NULL,NULL,NULL,0001-01-01 00:00:00.0000000,NULL,1,1,Price
EN,pricesList_menu,00000000-0000-0000-0000-000000000000,NULL,NULL,NULL,0001-01-01 00:00:00.0000000,NULL,1,1,Prices List
EN,primaryUnitRequired_msg,00000000-0000-0000-0000-000000000000,NULL,NULL,NULL,0001-01-01 00:00:00.0000000,NULL,1,1,Primary unit is required. Please select one
EN,print_btn,00000000-0000-0000-0000-000000000000,NULL,NULL,NULL,0001-01-01 00:00:00.0000000,NULL,1,1,Print
EN,product_lbl,00000000-0000-0000-0000-000000000000,NULL,NULL,NULL,0001-01-01 00:00:00.0000000,NULL,1,1,Product
EN,productNeedsPrimaryUnit_msg,00000000-0000-0000-0000-000000000000,NULL,NULL,NULL,0001-01-01 00:00:00.0000000,NULL,1,1,Product needs one primary unit.
EN,productNeedsUnits_msg,00000000-0000-0000-0000-000000000000,NULL,NULL,NULL,0001-01-01 00:00:00.0000000,NULL,1,1,Product needs at least one unit.
EN,products_menu,00000000-0000-0000-0000-000000000000,NULL,NULL,NULL,0001-01-01 00:00:00.0000000,NULL,1,1,Products
EN,productsMovements_menu,00000000-0000-0000-0000-000000000000,NULL,NULL,NULL,0001-01-01 00:00:00.0000000,NULL,1,1,Products Movements
EN,profile_btn,00000000-0000-0000-0000-000000000000,NULL,NULL,NULL,0001-01-01 00:00:00.0000000,NULL,1,1,Profile
EN,quantity_lbl,00000000-0000-0000-0000-000000000000,NULL,NULL,NULL,0001-01-01 00:00:00.0000000,NULL,1,1,Quantity
EN,quotes_menu,00000000-0000-0000-0000-000000000000,NULL,NULL,NULL,0001-01-01 00:00:00.0000000,NULL,1,1,Quotes
EN,rate_lbl,00000000-0000-0000-0000-000000000000,NULL,NULL,NULL,0001-01-01 00:00:00.0000000,NULL,1,1,Rate
EN,reference_lbl,00000000-0000-0000-0000-000000000000,NULL,NULL,NULL,0001-01-01 00:00:00.0000000,NULL,1,1,Reference
EN,remember_msg,00000000-0000-0000-0000-000000000000,NULL,NULL,NULL,0001-01-01 00:00:00.0000000,NULL,1,1,Remember me?
EN,reports_menu,00000000-0000-0000-0000-000000000000,NULL,NULL,NULL,0001-01-01 00:00:00.0000000,NULL,1,1,Reports
EN,required_lbl,00000000-0000-0000-0000-000000000000,NULL,NULL,NULL,0001-01-01 00:00:00.0000000,NULL,1,1,Required
EN,resetPass_menu,00000000-0000-0000-0000-000000000000,NULL,NULL,NULL,0001-01-01 00:00:00.0000000,NULL,1,1,Reset Password
EN,resultState_menu,00000000-0000-0000-0000-000000000000,NULL,NULL,NULL,0001-01-01 00:00:00.0000000,NULL,1,1,Result State
EN,returnedAmount_lbl,00000000-0000-0000-0000-000000000000,NULL,NULL,NULL,0001-01-01 00:00:00.0000000,NULL,1,1,Returned amount
EN,reverse_btn,00000000-0000-0000-0000-000000000000,NULL,NULL,NULL,0001-01-01 00:00:00.0000000,NULL,1,1,Reverse
EN,role_lbl,00000000-0000-0000-0000-000000000000,NULL,NULL,NULL,0001-01-01 00:00:00.0000000,NULL,1,1,Roles
EN,roles_menu,00000000-0000-0000-0000-000000000000,NULL,NULL,NULL,0001-01-01 00:00:00.0000000,NULL,1,1,Roles
EN,sales_menu,00000000-0000-0000-0000-000000000000,NULL,NULL,NULL,0001-01-01 00:00:00.0000000,NULL,1,1,Sales
EN,save_btn,00000000-0000-0000-0000-000000000000,NULL,NULL,NULL,0001-01-01 00:00:00.0000000,NULL,1,1,Save
EN,section_lbl,00000000-0000-0000-0000-000000000000,NULL,NULL,NULL,0001-01-01 00:00:00.0000000,NULL,1,1,Section
EN,sector_lbl,00000000-0000-0000-0000-000000000000,NULL,NULL,NULL,0001-01-01 00:00:00.0000000,NULL,1,1,Sector
EN,selectColumns_lbl,00000000-0000-0000-0000-000000000000,NULL,NULL,NULL,0001-01-01 00:00:00.0000000,NULL,1,1,Select columns
EN,sellers_menu,00000000-0000-0000-0000-000000000000,NULL,NULL,NULL,0001-01-01 00:00:00.0000000,NULL,1,1,Sellers
EN,sequence_lbl,00000000-0000-0000-0000-000000000000,NULL,NULL,NULL,0001-01-01 00:00:00.0000000,NULL,1,1,Sequence
EN,sequenceError_msg,00000000-0000-0000-0000-000000000000,NULL,NULL,NULL,0001-01-01 00:00:00.0000000,NULL,1,1,Sequence Error.
EN,serie_lbl,00000000-0000-0000-0000-000000000000,NULL,NULL,NULL,0001-01-01 00:00:00.0000000,NULL,1,1,Serie
EN,start_menu,00000000-0000-0000-0000-000000000000,NULL,NULL,NULL,0001-01-01 00:00:00.0000000,NULL,1,1,Start
EN,success_msg,00000000-0000-0000-0000-000000000000,NULL,NULL,NULL,0001-01-01 00:00:00.0000000,NULL,1,1,Operation successfully
EN,supplier_lbl,00000000-0000-0000-0000-000000000000,NULL,NULL,NULL,0001-01-01 00:00:00.0000000,NULL,1,1,Supplier
EN,supplierCosts_lbl,00000000-0000-0000-0000-000000000000,NULL,NULL,NULL,0001-01-01 00:00:00.0000000,NULL,1,1,Supplier costs
EN,suppliers_menu,00000000-0000-0000-0000-000000000000,NULL,NULL,NULL,0001-01-01 00:00:00.0000000,NULL,1,1,Suppliers
EN,suppliersReturns_menu,00000000-0000-0000-0000-000000000000,NULL,NULL,NULL,0001-01-01 00:00:00.0000000,NULL,1,1,Suppliers Returns
EN,tax_lbl,00000000-0000-0000-0000-000000000000,NULL,NULL,NULL,0001-01-01 00:00:00.0000000,NULL,1,1,Tax
EN,taxAmount_lbl,00000000-0000-0000-0000-000000000000,NULL,NULL,NULL,0001-01-01 00:00:00.0000000,NULL,1,1,Tax amount
EN,taxes_lbl,00000000-0000-0000-0000-000000000000,NULL,NULL,NULL,0001-01-01 00:00:00.0000000,NULL,1,1,Taxes
EN,taxes_menu,00000000-0000-0000-0000-000000000000,NULL,NULL,NULL,0001-01-01 00:00:00.0000000,NULL,1,1,Taxes
EN,taxesReport_menu,00000000-0000-0000-0000-000000000000,NULL,NULL,NULL,0001-01-01 00:00:00.0000000,NULL,1,1,Taxes Report
EN,taxIsReq_msg,00000000-0000-0000-0000-000000000000,NULL,NULL,NULL,0001-01-01 00:00:00.0000000,NULL,1,1,Tax is required
EN,thisIsABaseProduct_error,00000000-0000-0000-0000-000000000000,NULL,NULL,NULL,0001-01-01 00:00:00.0000000,NULL,1,1,This is a base product
EN,totalAmount_lbl,00000000-0000-0000-0000-000000000000,NULL,NULL,NULL,0001-01-01 00:00:00.0000000,NULL,1,1,Total amount
EN,trn_lbl,00000000-0000-0000-0000-000000000000,NULL,NULL,NULL,0001-01-01 00:00:00.0000000,NULL,1,1,TRN
EN,TRNControl_menu,00000000-0000-0000-0000-000000000000,NULL,NULL,NULL,0001-01-01 00:00:00.0000000,NULL,1,1,TRN Control
EN,trnNotAvailable_msg,00000000-0000-0000-0000-000000000000,NULL,NULL,NULL,0001-01-01 00:00:00.0000000,NULL,1,1,TRN is not available.
EN,type_lbl,00000000-0000-0000-0000-000000000000,NULL,NULL,NULL,0001-01-01 00:00:00.0000000,NULL,1,1,Type
EN,unit_lbl,00000000-0000-0000-0000-000000000000,NULL,NULL,NULL,0001-01-01 00:00:00.0000000,NULL,1,1,Unit
EN,unitCost_lbl,00000000-0000-0000-0000-000000000000,NULL,NULL,NULL,0001-01-01 00:00:00.0000000,NULL,1,1,Unit costs
EN,unitDoesntExist_msg,00000000-0000-0000-0000-000000000000,NULL,NULL,NULL,0001-01-01 00:00:00.0000000,NULL,1,1,Unit doesnt exist
EN,unitNotExist_msg,00000000-0000-0000-0000-000000000000,NULL,NULL,NULL,0001-01-01 00:00:00.0000000,NULL,1,1,Unit does not exist.
EN,units_menu,00000000-0000-0000-0000-000000000000,NULL,NULL,NULL,0001-01-01 00:00:00.0000000,NULL,1,1,Units
EN,user_lbl,00000000-0000-0000-0000-000000000000,NULL,NULL,NULL,0001-01-01 00:00:00.0000000,NULL,1,1,User
EN,user_menu,00000000-0000-0000-0000-000000000000,NULL,NULL,NULL,0001-01-01 00:00:00.0000000,NULL,1,1,User
EN,userName_lbl,00000000-0000-0000-0000-000000000000,NULL,NULL,NULL,0001-01-01 00:00:00.0000000,NULL,1,1,Username
EN,users_menu,00000000-0000-0000-0000-000000000000,NULL,NULL,NULL,0001-01-01 00:00:00.0000000,NULL,1,1,Users
EN,warehouse_lbl,00000000-0000-0000-0000-000000000000,NULL,NULL,NULL,0001-01-01 00:00:00.0000000,NULL,1,1,Warehouse
EN,warehouse_menu,00000000-0000-0000-0000-000000000000,NULL,NULL,NULL,0001-01-01 00:00:00.0000000,NULL,1,1,Warehouses
EN,warehouseError_msg,00000000-0000-0000-0000-000000000000,NULL,NULL,NULL,0001-01-01 00:00:00.0000000,NULL,1,1,Warehouse does not exist.
EN,warehouseTransfers_menu,00000000-0000-0000-0000-000000000000,NULL,NULL,NULL,0001-01-01 00:00:00.0000000,NULL,1,1,Warehouses Transfers
EN,yes_lbl,00000000-0000-0000-0000-000000000000,NULL,NULL,NULL,0001-01-01 00:00:00.0000000,NULL,1,1,Yes
EN,zone_lbl,00000000-0000-0000-0000-000000000000,NULL,NULL,NULL,0001-01-01 00:00:00.0000000,NULL,1,1,Zone
EN,zones_menu,00000000-0000-0000-0000-000000000000,NULL,NULL,NULL,0001-01-01 00:00:00.0000000,NULL,1,1,Zones
ES,accountsReceivable_menu,00000000-0000-0000-0000-000000000000,NULL,NULL,NULL,0001-01-01 00:00:00.0000000,NULL,1,2,Cuentas por cobrar
ES,accountState_menu,00000000-0000-0000-0000-000000000000,NULL,NULL,NULL,0001-01-01 00:00:00.0000000,NULL,1,2,Estado de cuentas
ES,actions_lbl,00000000-0000-0000-0000-000000000000,NULL,NULL,NULL,0001-01-01 00:00:00.0000000,NULL,1,2,Acciones
ES,add_btn,00000000-0000-0000-0000-000000000000,NULL,NULL,NULL,0001-01-01 00:00:00.0000000,NULL,1,2,Agregar
ES,address_lbl,00000000-0000-0000-0000-000000000000,NULL,NULL,NULL,0001-01-01 00:00:00.0000000,NULL,1,2,Dirección
ES,addRole_btn,00000000-0000-0000-0000-000000000000,NULL,NULL,NULL,0001-01-01 00:00:00.0000000,NULL,1,2,Agregar rol
ES,all_lbl,00000000-0000-0000-0000-000000000000,NULL,NULL,NULL,0001-01-01 00:00:00.0000000,NULL,1,2,Todos
ES,amount_lbl,00000000-0000-0000-0000-000000000000,NULL,NULL,NULL,0001-01-01 00:00:00.0000000,NULL,1,2,Monto
ES,amountIsGreater_msg,00000000-0000-0000-0000-000000000000,NULL,NULL,NULL,0001-01-01 00:00:00.0000000,NULL,1,2,Monto NC es mayor que el monto de la factura
ES,areadyClosed_error,00000000-0000-0000-0000-000000000000,NULL,NULL,NULL,0001-01-01 00:00:00.0000000,NULL,1,2,Ya se encuentra cerrado. Operación no válida
ES,areYouSure_lbl,00000000-0000-0000-0000-000000000000,NULL,NULL,NULL,0001-01-01 00:00:00.0000000,NULL,1,2,Está seguro?
ES,auth_menu,00000000-0000-0000-0000-000000000000,NULL,NULL,NULL,0001-01-01 00:00:00.0000000,NULL,1,2,Autorizaciones
ES,baseProducts_lbl,00000000-0000-0000-0000-000000000000,NULL,NULL,NULL,0001-01-01 00:00:00.0000000,NULL,1,2,Productos bases
ES,beforeTaxAmount_lbl,00000000-0000-0000-0000-000000000000,NULL,NULL,NULL,0001-01-01 00:00:00.0000000,NULL,1,2,Monto grabado
ES,beforeTaxesAmount_lbl,00000000-0000-0000-0000-000000000000,NULL,NULL,NULL,0001-01-01 00:00:00.0000000,NULL,1,2,Monto grabado
ES,billing_menu,00000000-0000-0000-0000-000000000000,NULL,NULL,NULL,0001-01-01 00:00:00.0000000,NULL,1,2,Facturación
ES,billingAmountLimit_lbl,00000000-0000-0000-0000-000000000000,NULL,NULL,NULL,0001-01-01 00:00:00.0000000,NULL,1,2,Monto límite de facturación
ES,birthDay_lbl,00000000-0000-0000-0000-000000000000,NULL,NULL,NULL,0001-01-01 00:00:00.0000000,NULL,1,2,Fecha de nacimiento
ES,branchOffice_lbl,00000000-0000-0000-0000-000000000000,NULL,NULL,NULL,0001-01-01 00:00:00.0000000,NULL,1,2,Sucursal
ES,branchOffice_menu,00000000-0000-0000-0000-000000000000,NULL,NULL,NULL,0001-01-01 00:00:00.0000000,NULL,1,2,Sucursales
ES,cancel_btn,00000000-0000-0000-0000-000000000000,NULL,NULL,NULL,0001-01-01 00:00:00.0000000,NULL,1,2,Cancelar
ES,CannotDeleteExpense_msg,00000000-0000-0000-0000-000000000000,NULL,NULL,NULL,0001-01-01 00:00:00.0000000,NULL,1,2,No es posible eliminar el gasto
ES,cannotDeleteTax_msg,00000000-0000-0000-0000-000000000000,NULL,NULL,NULL,0001-01-01 00:00:00.0000000,NULL,1,2,No se puede eliminar los impuestos del producto
ES,cannotEraseUnit_msg,00000000-0000-0000-0000-000000000000,NULL,NULL,NULL,0001-01-01 00:00:00.0000000,NULL,1,2,No se puede eliminar las unidades del producto
ES,cannotRemoveBaseProduct_msg,00000000-0000-0000-0000-000000000000,NULL,NULL,NULL,0001-01-01 00:00:00.0000000,NULL,1,2,No es posible eliminar el producto base
ES,CannotUpdateExpense_msg,00000000-0000-0000-0000-000000000000,NULL,NULL,NULL,0001-01-01 00:00:00.0000000,NULL,1,2,No es posible actualizar el gasto
ES,cannotUpdatePayment_msg,00000000-0000-0000-0000-000000000000,NULL,NULL,NULL,0001-01-01 00:00:00.0000000,NULL,1,2,No es posible actualizar el pago
ES,CantCloseWithZero_error,00000000-0000-0000-0000-000000000000,NULL,NULL,NULL,0001-01-01 00:00:00.0000000,NULL,1,2,No se puede realizar el cierre con valor 0
ES,cardId_lbl,00000000-0000-0000-0000-000000000000,NULL,NULL,NULL,0001-01-01 00:00:00.0000000,NULL,1,2,Documento identidad
ES,cash_lbl,00000000-0000-0000-0000-000000000000,NULL,NULL,NULL,0001-01-01 00:00:00.0000000,NULL,1,2,Efectivo
ES,cashRegister_lbl,00000000-0000-0000-0000-000000000000,NULL,NULL,NULL,0001-01-01 00:00:00.0000000,NULL,1,2,Caja
ES,cashRegister_menu,00000000-0000-0000-0000-000000000000,NULL,NULL,NULL,0001-01-01 00:00:00.0000000,NULL,1,2,Cajas registradoras
ES,cashRegisterManteinance_menu,00000000-0000-0000-0000-000000000000,NULL,NULL,NULL,0001-01-01 00:00:00.0000000,NULL,1,2,Mantenimiento
ES,cashRegisterOpeningHours_lbl,00000000-0000-0000-0000-000000000000,NULL,NULL,NULL,0001-01-01 00:00:00.0000000,NULL,1,2,Horas de apertura de caja
ES,cashRegisterOpeningIsClosed_msg,00000000-0000-0000-0000-000000000000,NULL,NULL,NULL,0001-01-01 00:00:00.0000000,NULL,1,2,No se puede aperturar la caja. Ya se encuentra cerrada
ES,cashROpenClose_menu,00000000-0000-0000-0000-000000000000,NULL,NULL,NULL,0001-01-01 00:00:00.0000000,NULL,1,2,Apertura / Cierre
ES,changePass_menu,00000000-0000-0000-0000-000000000000,NULL,NULL,NULL,0001-01-01 00:00:00.0000000,NULL,1,2,Cambiar contraseña
ES,check_lbl,00000000-0000-0000-0000-000000000000,NULL,NULL,NULL,0001-01-01 00:00:00.0000000,NULL,1,2,Cheque
ES,closeCashRegister_btn,00000000-0000-0000-0000-000000000000,NULL,NULL,NULL,0001-01-01 00:00:00.0000000,NULL,1,2,Cerrar caja
ES,closing_lbl,00000000-0000-0000-0000-000000000000,NULL,NULL,NULL,0001-01-01 00:00:00.0000000,NULL,1,2,Cierre
ES,closureAmount_lbl,00000000-0000-0000-0000-000000000000,NULL,NULL,NULL,0001-01-01 00:00:00.0000000,NULL,1,2,Monto de cierre
ES,closureDate_lbl,00000000-0000-0000-0000-000000000000,NULL,NULL,NULL,0001-01-01 00:00:00.0000000,NULL,1,2,Fecha de cierre
ES,code_lbl,00000000-0000-0000-0000-000000000000,NULL,NULL,NULL,0001-01-01 00:00:00.0000000,NULL,1,2,Código
ES,comissionByProduct_lbl,00000000-0000-0000-0000-000000000000,NULL,NULL,NULL,0001-01-01 00:00:00.0000000,NULL,1,2,Comisiones por producto
ES,comissionRate_lbl,00000000-0000-0000-0000-000000000000,NULL,NULL,NULL,0001-01-01 00:00:00.0000000,NULL,1,2,Porcentaje de comisión
ES,commissions_menu,00000000-0000-0000-0000-000000000000,NULL,NULL,NULL,0001-01-01 00:00:00.0000000,NULL,1,2,Comisiones
ES,core_menu,00000000-0000-0000-0000-000000000000,NULL,NULL,NULL,0001-01-01 00:00:00.0000000,NULL,1,2,Configuraciones
ES,cost_lbl,00000000-0000-0000-0000-000000000000,NULL,NULL,NULL,0001-01-01 00:00:00.0000000,NULL,1,2,Costo
ES,creditAmountLimit_lbl,00000000-0000-0000-0000-000000000000,NULL,NULL,NULL,0001-01-01 00:00:00.0000000,NULL,1,2,Monto límite de crédito
ES,creditCard_lbl,00000000-0000-0000-0000-000000000000,NULL,NULL,NULL,0001-01-01 00:00:00.0000000,NULL,1,2,Tarjeta de crédito
ES,creditLimitReached_msg,00000000-0000-0000-0000-000000000000,NULL,NULL,NULL,0001-01-01 00:00:00.0000000,NULL,1,2,Límite de credito alcanzado. No se puede continuar
ES,creditNoteApplied_msg,00000000-0000-0000-0000-000000000000,NULL,NULL,NULL,0001-01-01 00:00:00.0000000,NULL,1,2,NC ya está aplicada
ES,creditNoteNotExist_msg,00000000-0000-0000-0000-000000000000,NULL,NULL,NULL,0001-01-01 00:00:00.0000000,NULL,1,2,NC no existe
ES,currencies_menu,00000000-0000-0000-0000-000000000000,NULL,NULL,NULL,0001-01-01 00:00:00.0000000,NULL,1,2,Monedas
ES,currency_lbl,00000000-0000-0000-0000-000000000000,NULL,NULL,NULL,0001-01-01 00:00:00.0000000,NULL,1,2,Moneda
ES,customerPayment_menu,00000000-0000-0000-0000-000000000000,NULL,NULL,NULL,0001-01-01 00:00:00.0000000,NULL,1,2,Pagos
ES,customers_menu,00000000-0000-0000-0000-000000000000,NULL,NULL,NULL,0001-01-01 00:00:00.0000000,NULL,1,2,Clientes
ES,customersList_menu,00000000-0000-0000-0000-000000000000,NULL,NULL,NULL,0001-01-01 00:00:00.0000000,NULL,1,2,Listado de clientes
ES,customersReturns_menu,00000000-0000-0000-0000-000000000000,NULL,NULL,NULL,0001-01-01 00:00:00.0000000,NULL,1,2,Devoluciones de clientes
ES,dashboard_menu,00000000-0000-0000-0000-000000000000,NULL,NULL,NULL,0001-01-01 00:00:00.0000000,NULL,1,2,Tablero
ES,date_lbl,00000000-0000-0000-0000-000000000000,NULL,NULL,NULL,0001-01-01 00:00:00.0000000,NULL,1,2,Fecha
ES,debtsToPay_menu,00000000-0000-0000-0000-000000000000,NULL,NULL,NULL,0001-01-01 00:00:00.0000000,NULL,1,2,Deudas a pagar
ES,defWarehouseNotExit_msg,00000000-0000-0000-0000-000000000000,NULL,NULL,NULL,0001-01-01 00:00:00.0000000,NULL,1,2,Almacen de defectuosos no existe. Favor ingresar uno con el código 'DEF'
ES,delete_btn,00000000-0000-0000-0000-000000000000,NULL,NULL,NULL,0001-01-01 00:00:00.0000000,NULL,1,2,Borrar
ES,deleteConfirm_lbl,00000000-0000-0000-0000-000000000000,NULL,NULL,NULL,0001-01-01 00:00:00.0000000,NULL,1,2,Está seguro que desea borrar?
ES,description_lbl,00000000-0000-0000-0000-000000000000,NULL,NULL,NULL,0001-01-01 00:00:00.0000000,NULL,1,2,Descripción
ES,destinyBranchOffice_lbl,00000000-0000-0000-0000-000000000000,NULL,NULL,NULL,0001-01-01 00:00:00.0000000,NULL,1,2,Sucursal destino
ES,destinyWarehouse_lbl,00000000-0000-0000-0000-000000000000,NULL,NULL,NULL,0001-01-01 00:00:00.0000000,NULL,1,2,Almacén destino
ES,details_lbl,00000000-0000-0000-0000-000000000000,NULL,NULL,NULL,0001-01-01 00:00:00.0000000,NULL,1,2,Detalles
ES,differentCurrency_msg,00000000-0000-0000-0000-000000000000,NULL,NULL,NULL,0001-01-01 00:00:00.0000000,NULL,1,2,Las monedas son distintas. Solo puede aplicar pagos de la misma moneda
ES,edit_btn,00000000-0000-0000-0000-000000000000,NULL,NULL,NULL,0001-01-01 00:00:00.0000000,NULL,1,2,Editar
ES,email_input,00000000-0000-0000-0000-000000000000,NULL,NULL,NULL,0001-01-01 00:00:00.0000000,NULL,1,2,Email
ES,email_lbl,00000000-0000-0000-0000-000000000000,NULL,NULL,NULL,0001-01-01 00:00:00.0000000,NULL,1,2,Email
ES,emptyInvoice_msg,00000000-0000-0000-0000-000000000000,NULL,NULL,NULL,0001-01-01 00:00:00.0000000,NULL,1,2,"La factura no tiene detalles, esta no puede ser vacía."
ES,equivalence_lbl,00000000-0000-0000-0000-000000000000,NULL,NULL,NULL,0001-01-01 00:00:00.0000000,NULL,1,2,Equivalencia
ES,error_msg,00000000-0000-0000-0000-000000000000,NULL,NULL,NULL,0001-01-01 00:00:00.0000000,NULL,1,2,Error: No se pudo completar la operación.
ES,errorDictionary_msg,00000000-0000-0000-0000-000000000000,NULL,NULL,NULL,0001-01-01 00:00:00.0000000,NULL,1,2,Error de diccionario
ES,exchangeRate_lbl,00000000-0000-0000-0000-000000000000,NULL,NULL,NULL,0001-01-01 00:00:00.0000000,NULL,1,2,Tasa de cambio
ES,existence_lbl,00000000-0000-0000-0000-000000000000,NULL,NULL,NULL,0001-01-01 00:00:00.0000000,NULL,1,2,Existencia
ES,exo_lbl,00000000-0000-0000-0000-000000000000,NULL,NULL,NULL,0001-01-01 00:00:00.0000000,NULL,1,2,Exonerado
ES,expenses_menu,00000000-0000-0000-0000-000000000000,NULL,NULL,NULL,0001-01-01 00:00:00.0000000,NULL,1,2,Gastos
ES,expensesPayment_menu,00000000-0000-0000-0000-000000000000,NULL,NULL,NULL,0001-01-01 00:00:00.0000000,NULL,1,2,Pagos
ES,expensesRegister_menu,00000000-0000-0000-0000-000000000000,NULL,NULL,NULL,0001-01-01 00:00:00.0000000,NULL,1,2,Registrar gastos
ES,export_btn,00000000-0000-0000-0000-000000000000,NULL,NULL,NULL,0001-01-01 00:00:00.0000000,NULL,1,2,Exportar
ES,female_lbl,00000000-0000-0000-0000-000000000000,NULL,NULL,NULL,0001-01-01 00:00:00.0000000,NULL,1,2,Femenino
ES,fixedComission_lbl,00000000-0000-0000-0000-000000000000,NULL,NULL,NULL,0001-01-01 00:00:00.0000000,NULL,1,2,Comisión fija
ES,forgotPass_msg,00000000-0000-0000-0000-000000000000,NULL,NULL,NULL,0001-01-01 00:00:00.0000000,NULL,1,2,Olvidó contraseña?
ES,gender_lbl,00000000-0000-0000-0000-000000000000,NULL,NULL,NULL,0001-01-01 00:00:00.0000000,NULL,1,2,Género
ES,id_lbl,00000000-0000-0000-0000-000000000000,NULL,NULL,NULL,0001-01-01 00:00:00.0000000,NULL,1,2,Id
ES,incomeReceipts_menu,00000000-0000-0000-0000-000000000000,NULL,NULL,NULL,0001-01-01 00:00:00.0000000,NULL,1,2,Recibos de ingreso
ES,invalidInvoice_msg,00000000-0000-0000-0000-000000000000,NULL,NULL,NULL,0001-01-01 00:00:00.0000000,NULL,1,2,Factura inválida
ES,inventory_menu,00000000-0000-0000-0000-000000000000,NULL,NULL,NULL,0001-01-01 00:00:00.0000000,NULL,1,2,Inventario
ES,inventoryDoesntExist_msg,00000000-0000-0000-0000-000000000000,NULL,NULL,NULL,0001-01-01 00:00:00.0000000,NULL,1,2,El inventario no es válido
ES,inventoryIn_menu,00000000-0000-0000-0000-000000000000,NULL,NULL,NULL,0001-01-01 00:00:00.0000000,NULL,1,2,Entradas de inventario
ES,invoiceDueDays_lbl,00000000-0000-0000-0000-000000000000,NULL,NULL,NULL,0001-01-01 00:00:00.0000000,NULL,1,2,Vencimiento de factura (días)
ES,invoicePaid_msg,00000000-0000-0000-0000-000000000000,NULL,NULL,NULL,0001-01-01 00:00:00.0000000,NULL,1,2,La factura ya se encuentra pagada.
ES,invoices_menu,00000000-0000-0000-0000-000000000000,NULL,NULL,NULL,0001-01-01 00:00:00.0000000,NULL,1,2,Facturas
ES,isActive_lbl,00000000-0000-0000-0000-000000000000,NULL,NULL,NULL,0001-01-01 00:00:00.0000000,NULL,1,2,Activo?
ES,isCompositeProduct_lbl,00000000-0000-0000-0000-000000000000,NULL,NULL,NULL,0001-01-01 00:00:00.0000000,NULL,1,2,Producto compuesto
ES,isDefective_lbl,00000000-0000-0000-0000-000000000000,NULL,NULL,NULL,0001-01-01 00:00:00.0000000,NULL,1,2,Defectuoso
ES,isLocalCurrency_lbl,00000000-0000-0000-0000-000000000000,NULL,NULL,NULL,0001-01-01 00:00:00.0000000,NULL,1,2,Moneda local
ES,isPrimary_lbl,00000000-0000-0000-0000-000000000000,NULL,NULL,NULL,0001-01-01 00:00:00.0000000,NULL,1,2,Principal
ES,isService_lbl,00000000-0000-0000-0000-000000000000,NULL,NULL,NULL,0001-01-01 00:00:00.0000000,NULL,1,2,Es servicio
ES,language_lbl,00000000-0000-0000-0000-000000000000,NULL,NULL,NULL,0001-01-01 00:00:00.0000000,NULL,1,2,Lenguage
ES,lastName_lbl,00000000-0000-0000-0000-000000000000,NULL,NULL,NULL,0001-01-01 00:00:00.0000000,NULL,1,2,Apellidos
ES,login_menu,00000000-0000-0000-0000-000000000000,NULL,NULL,NULL,0001-01-01 00:00:00.0000000,NULL,1,2,Iniciar Sesión
ES,logOut_btn,00000000-0000-0000-0000-000000000000,NULL,NULL,NULL,0001-01-01 00:00:00.0000000,NULL,1,2,Salir
ES,logOut_menu,00000000-0000-0000-0000-000000000000,NULL,NULL,NULL,0001-01-01 00:00:00.0000000,NULL,1,2,Salir
ES,male_lbl,00000000-0000-0000-0000-000000000000,NULL,NULL,NULL,0001-01-01 00:00:00.0000000,NULL,1,2,Masculino
ES,maxClosureDate_lbl,00000000-0000-0000-0000-000000000000,NULL,NULL,NULL,0001-01-01 00:00:00.0000000,NULL,1,2,Fecha máxima de cierre
ES,mobile_lbl,00000000-0000-0000-0000-000000000000,NULL,NULL,NULL,0001-01-01 00:00:00.0000000,NULL,1,2,Teléfono celular
ES,movements_menu,00000000-0000-0000-0000-000000000000,NULL,NULL,NULL,0001-01-01 00:00:00.0000000,NULL,1,2,Movimientos
ES,movementType_lbl,00000000-0000-0000-0000-000000000000,NULL,NULL,NULL,0001-01-01 00:00:00.0000000,NULL,1,2,Tipo de movimiento
ES,name_lbl,00000000-0000-0000-0000-000000000000,NULL,NULL,NULL,0001-01-01 00:00:00.0000000,NULL,1,2,Nombre
ES,no_lbl,00000000-0000-0000-0000-000000000000,NULL,NULL,NULL,0001-01-01 00:00:00.0000000,NULL,1,2,No
ES,notExistingClass_msg,00000000-0000-0000-0000-000000000000,NULL,NULL,NULL,0001-01-01 00:00:00.0000000,NULL,1,2,No se puede procesar este producto/servicio. La clase no existe.
ES,notValid_msg,00000000-0000-0000-0000-000000000000,NULL,NULL,NULL,0001-01-01 00:00:00.0000000,NULL,1,2,Operación no válida
ES,numericControl_lbl,00000000-0000-0000-0000-000000000000,NULL,NULL,NULL,0001-01-01 00:00:00.0000000,NULL,1,2,Control numérico
ES,ok_btn,00000000-0000-0000-0000-000000000000,NULL,NULL,NULL,0001-01-01 00:00:00.0000000,NULL,1,2,OK
ES,ok_msg,00000000-0000-0000-0000-000000000000,NULL,NULL,NULL,0001-01-01 00:00:00.0000000,NULL,1,2,Operación completada con éxito.
ES,opening_lbl,00000000-0000-0000-0000-000000000000,NULL,NULL,NULL,0001-01-01 00:00:00.0000000,NULL,1,2,Apertura
ES,openingAmount_lbl,00000000-0000-0000-0000-000000000000,NULL,NULL,NULL,0001-01-01 00:00:00.0000000,NULL,1,2,Monto de apertura
ES,openingDate_lbl,00000000-0000-0000-0000-000000000000,NULL,NULL,NULL,0001-01-01 00:00:00.0000000,NULL,1,2,Fecha de apertura
ES,operations_lbl,00000000-0000-0000-0000-000000000000,NULL,NULL,NULL,0001-01-01 00:00:00.0000000,NULL,1,2,Operaciones
ES,originBranchOffice_lbl,00000000-0000-0000-0000-000000000000,NULL,NULL,NULL,0001-01-01 00:00:00.0000000,NULL,1,2,Sucursal origen
ES,originQuantity_lbl,00000000-0000-0000-0000-000000000000,NULL,NULL,NULL,0001-01-01 00:00:00.0000000,NULL,1,2,Cantidad de origen
ES,originWarehouse_lbl,00000000-0000-0000-0000-000000000000,NULL,NULL,NULL,0001-01-01 00:00:00.0000000,NULL,1,2,Almacén origen
ES,outOfStock_msg,00000000-0000-0000-0000-000000000000,NULL,NULL,NULL,0001-01-01 00:00:00.0000000,NULL,1,2,Producto agotado
ES,owedAmount_lbl,00000000-0000-0000-0000-000000000000,NULL,NULL,NULL,0001-01-01 00:00:00.0000000,NULL,1,2,Monto adeudado
ES,owedAmountOutdated_msg,00000000-0000-0000-0000-000000000000,NULL,NULL,NULL,0001-01-01 00:00:00.0000000,NULL,1,2,Monto adeudado está desactualizado. Favor ingresar nuevamente.
ES,paidAmount_lbl,00000000-0000-0000-0000-000000000000,NULL,NULL,NULL,0001-01-01 00:00:00.0000000,NULL,1,2,Monto pagado
ES,parentUnitDoesntExist_msg,00000000-0000-0000-0000-000000000000,NULL,NULL,NULL,0001-01-01 00:00:00.0000000,NULL,1,2,Unidad padre no existe.
ES,password_input,00000000-0000-0000-0000-000000000000,NULL,NULL,NULL,0001-01-01 00:00:00.0000000,NULL,1,2,Contraseña
ES,password_lbl,00000000-0000-0000-0000-000000000000,NULL,NULL,NULL,0001-01-01 00:00:00.0000000,NULL,1,2,Contraseña
ES,paymentNotValid_msg,00000000-0000-0000-0000-000000000000,NULL,NULL,NULL,0001-01-01 00:00:00.0000000,NULL,1,2,El pago no es válido.
ES,paymentType_lbl,00000000-0000-0000-0000-000000000000,NULL,NULL,NULL,0001-01-01 00:00:00.0000000,NULL,1,2,Tipo de pago
ES,permissions_lbl,00000000-0000-0000-0000-000000000000,NULL,NULL,NULL,0001-01-01 00:00:00.0000000,NULL,1,2,Permisos
ES,phone_lbl,00000000-0000-0000-0000-000000000000,NULL,NULL,NULL,0001-01-01 00:00:00.0000000,NULL,1,2,Teléfono
ES,phoneNumber_lbl,00000000-0000-0000-0000-000000000000,NULL,NULL,NULL,0001-01-01 00:00:00.0000000,NULL,1,2,Teléfono
ES,positiveBalance_lbl,00000000-0000-0000-0000-000000000000,NULL,NULL,NULL,0001-01-01 00:00:00.0000000,NULL,1,2,Balance a favor
ES,price_lbl,00000000-0000-0000-0000-000000000000,NULL,NULL,NULL,0001-01-01 00:00:00.0000000,NULL,1,2,Precio
ES,pricesList_menu,00000000-0000-0000-0000-000000000000,NULL,NULL,NULL,0001-01-01 00:00:00.0000000,NULL,1,2,Listado de precios
ES,primaryUnitRequired_msg,00000000-0000-0000-0000-000000000000,NULL,NULL,NULL,0001-01-01 00:00:00.0000000,NULL,1,2,Es obligatorio una unidad principal. Favor elegir una.
ES,print_btn,00000000-0000-0000-0000-000000000000,NULL,NULL,NULL,0001-01-01 00:00:00.0000000,NULL,1,2,Imprimir
ES,product_lbl,00000000-0000-0000-0000-000000000000,NULL,NULL,NULL,0001-01-01 00:00:00.0000000,NULL,1,2,Producto
ES,productNeedsPrimaryUnit_msg,00000000-0000-0000-0000-000000000000,NULL,NULL,NULL,0001-01-01 00:00:00.0000000,NULL,1,2,Es obligatorio una unidad principal. Favor elegir una.
ES,productNeedsUnits_msg,00000000-0000-0000-0000-000000000000,NULL,NULL,NULL,0001-01-01 00:00:00.0000000,NULL,1,2,Es obligatorio una unidad principal. Favor elegir una.
ES,products_menu,00000000-0000-0000-0000-000000000000,NULL,NULL,NULL,0001-01-01 00:00:00.0000000,NULL,1,2,Producto
ES,productsMovements_menu,00000000-0000-0000-0000-000000000000,NULL,NULL,NULL,0001-01-01 00:00:00.0000000,NULL,1,2,Movimientos de productos
ES,profile_btn,00000000-0000-0000-0000-000000000000,NULL,NULL,NULL,0001-01-01 00:00:00.0000000,NULL,1,2,Perfil
ES,quantity_lbl,00000000-0000-0000-0000-000000000000,NULL,NULL,NULL,0001-01-01 00:00:00.0000000,NULL,1,2,Cantidad
ES,quotes_menu,00000000-0000-0000-0000-000000000000,NULL,NULL,NULL,0001-01-01 00:00:00.0000000,NULL,1,2,Conduces
ES,rate_lbl,00000000-0000-0000-0000-000000000000,NULL,NULL,NULL,0001-01-01 00:00:00.0000000,NULL,1,2,Porcentaje
ES,reference_lbl,00000000-0000-0000-0000-000000000000,NULL,NULL,NULL,0001-01-01 00:00:00.0000000,NULL,1,2,Referencia
ES,remember_msg,00000000-0000-0000-0000-000000000000,NULL,NULL,NULL,0001-01-01 00:00:00.0000000,NULL,1,2,Recordarme?
ES,reports_menu,00000000-0000-0000-0000-000000000000,NULL,NULL,NULL,0001-01-01 00:00:00.0000000,NULL,1,2,Reportes
ES,required_lbl,00000000-0000-0000-0000-000000000000,NULL,NULL,NULL,0001-01-01 00:00:00.0000000,NULL,1,2,Requerido
ES,resetPass_menu,00000000-0000-0000-0000-000000000000,NULL,NULL,NULL,0001-01-01 00:00:00.0000000,NULL,1,2,Reiniciar contraseña
ES,resultState_menu,00000000-0000-0000-0000-000000000000,NULL,NULL,NULL,0001-01-01 00:00:00.0000000,NULL,1,2,Estado resultado
ES,returnedAmount_lbl,00000000-0000-0000-0000-000000000000,NULL,NULL,NULL,0001-01-01 00:00:00.0000000,NULL,1,2,Monto devuelto
ES,reverse_btn,00000000-0000-0000-0000-000000000000,NULL,NULL,NULL,0001-01-01 00:00:00.0000000,NULL,1,2,Reversar
ES,role_lbl,00000000-0000-0000-0000-000000000000,NULL,NULL,NULL,0001-01-01 00:00:00.0000000,NULL,1,2,Roles
ES,roles_menu,00000000-0000-0000-0000-000000000000,NULL,NULL,NULL,0001-01-01 00:00:00.0000000,NULL,1,2,Roles
ES,sales_menu,00000000-0000-0000-0000-000000000000,NULL,NULL,NULL,0001-01-01 00:00:00.0000000,NULL,1,2,Ventas
ES,save_btn,00000000-0000-0000-0000-000000000000,NULL,NULL,NULL,0001-01-01 00:00:00.0000000,NULL,1,2,Guardar
ES,section_lbl,00000000-0000-0000-0000-000000000000,NULL,NULL,NULL,0001-01-01 00:00:00.0000000,NULL,1,2,Sección
ES,sector_lbl,00000000-0000-0000-0000-000000000000,NULL,NULL,NULL,0001-01-01 00:00:00.0000000,NULL,1,2,Sector
ES,selectColumns_lbl,00000000-0000-0000-0000-000000000000,NULL,NULL,NULL,0001-01-01 00:00:00.0000000,NULL,1,2,Seleccionar columnas
ES,sellers_menu,00000000-0000-0000-0000-000000000000,NULL,NULL,NULL,0001-01-01 00:00:00.0000000,NULL,1,2,Vendedores
ES,sequence_lbl,00000000-0000-0000-0000-000000000000,NULL,NULL,NULL,0001-01-01 00:00:00.0000000,NULL,1,2,Sequencia
ES,sequenceError_msg,00000000-0000-0000-0000-000000000000,NULL,NULL,NULL,0001-01-01 00:00:00.0000000,NULL,1,2,Error de secuencias.
ES,serie_lbl,00000000-0000-0000-0000-000000000000,NULL,NULL,NULL,0001-01-01 00:00:00.0000000,NULL,1,2,Serie
ES,start_menu,00000000-0000-0000-0000-000000000000,NULL,NULL,NULL,0001-01-01 00:00:00.0000000,NULL,1,2,Inicio
ES,success_msg,00000000-0000-0000-0000-000000000000,NULL,NULL,NULL,0001-01-01 00:00:00.0000000,NULL,1,2,La operación fue un exito
ES,supplier_lbl,00000000-0000-0000-0000-000000000000,NULL,NULL,NULL,0001-01-01 00:00:00.0000000,NULL,1,2,Suplidor
ES,supplierCosts_lbl,00000000-0000-0000-0000-000000000000,NULL,NULL,NULL,0001-01-01 00:00:00.0000000,NULL,1,2,Costo por suplidor
ES,suppliers_menu,00000000-0000-0000-0000-000000000000,NULL,NULL,NULL,0001-01-01 00:00:00.0000000,NULL,1,2,Suplidores
ES,suppliersReturns_menu,00000000-0000-0000-0000-000000000000,NULL,NULL,NULL,0001-01-01 00:00:00.0000000,NULL,1,2,Devoluciones a suplidor
ES,tax_lbl,00000000-0000-0000-0000-000000000000,NULL,NULL,NULL,0001-01-01 00:00:00.0000000,NULL,1,2,Impuesto
ES,taxAmount_lbl,00000000-0000-0000-0000-000000000000,NULL,NULL,NULL,0001-01-01 00:00:00.0000000,NULL,1,2,Monto impuesto
ES,taxes_lbl,00000000-0000-0000-0000-000000000000,NULL,NULL,NULL,0001-01-01 00:00:00.0000000,NULL,1,2,Impuestos
ES,taxes_menu,00000000-0000-0000-0000-000000000000,NULL,NULL,NULL,0001-01-01 00:00:00.0000000,NULL,1,2,Impuestos
ES,taxesReport_menu,00000000-0000-0000-0000-000000000000,NULL,NULL,NULL,0001-01-01 00:00:00.0000000,NULL,1,2,Reporte de impuestos
ES,taxIsReq_msg,00000000-0000-0000-0000-000000000000,NULL,NULL,NULL,0001-01-01 00:00:00.0000000,NULL,1,2,Impuesto es requerido.
ES,thisIsABaseProduct_error,00000000-0000-0000-0000-000000000000,NULL,NULL,NULL,0001-01-01 00:00:00.0000000,NULL,1,2,Este producto es base de otro.
ES,totalAmount_lbl,00000000-0000-0000-0000-000000000000,NULL,NULL,NULL,0001-01-01 00:00:00.0000000,NULL,1,2,Monto total
ES,trn_lbl,00000000-0000-0000-0000-000000000000,NULL,NULL,NULL,0001-01-01 00:00:00.0000000,NULL,1,2,NCF
ES,TRNControl_menu,00000000-0000-0000-0000-000000000000,NULL,NULL,NULL,0001-01-01 00:00:00.0000000,NULL,1,2,Control NCF
ES,trnNotAvailable_msg,00000000-0000-0000-0000-000000000000,NULL,NULL,NULL,0001-01-01 00:00:00.0000000,NULL,1,2,NCFs insuficientes
ES,type_lbl,00000000-0000-0000-0000-000000000000,NULL,NULL,NULL,0001-01-01 00:00:00.0000000,NULL,1,2,Tipo
ES,unit_lbl,00000000-0000-0000-0000-000000000000,NULL,NULL,NULL,0001-01-01 00:00:00.0000000,NULL,1,2,Unidad
ES,unitCost_lbl,00000000-0000-0000-0000-000000000000,NULL,NULL,NULL,0001-01-01 00:00:00.0000000,NULL,1,2,Costo por unidad
ES,unitDoesntExist_msg,00000000-0000-0000-0000-000000000000,NULL,NULL,NULL,0001-01-01 00:00:00.0000000,NULL,1,2,La unidad no existe
ES,unitNotExist_msg,00000000-0000-0000-0000-000000000000,NULL,NULL,NULL,0001-01-01 00:00:00.0000000,NULL,1,2,La unidad no existe
ES,units_menu,00000000-0000-0000-0000-000000000000,NULL,NULL,NULL,0001-01-01 00:00:00.0000000,NULL,1,2,Unidades
ES,user_lbl,00000000-0000-0000-0000-000000000000,NULL,NULL,NULL,0001-01-01 00:00:00.0000000,NULL,1,2,Usuario
ES,user_menu,00000000-0000-0000-0000-000000000000,NULL,NULL,NULL,0001-01-01 00:00:00.0000000,NULL,1,2,Usuario
ES,userName_lbl,00000000-0000-0000-0000-000000000000,NULL,NULL,NULL,0001-01-01 00:00:00.0000000,NULL,1,2,Nombre de usuario
ES,users_menu,00000000-0000-0000-0000-000000000000,NULL,NULL,NULL,0001-01-01 00:00:00.0000000,NULL,1,2,Usuarios
ES,warehouse_lbl,00000000-0000-0000-0000-000000000000,NULL,NULL,NULL,0001-01-01 00:00:00.0000000,NULL,1,2,Almacén
ES,warehouse_menu,00000000-0000-0000-0000-000000000000,NULL,NULL,NULL,0001-01-01 00:00:00.0000000,NULL,1,2,Almacenes
ES,warehouseError_msg,00000000-0000-0000-0000-000000000000,NULL,NULL,NULL,0001-01-01 00:00:00.0000000,NULL,1,2,Almacén no existe.
ES,warehouseTransfers_menu,00000000-0000-0000-0000-000000000000,NULL,NULL,NULL,0001-01-01 00:00:00.0000000,NULL,1,2,Transferencias entre almacenes
ES,yes_lbl,00000000-0000-0000-0000-000000000000,NULL,NULL,NULL,0001-01-01 00:00:00.0000000,NULL,1,2,Si
ES,zone_lbl,00000000-0000-0000-0000-000000000000,NULL,NULL,NULL,0001-01-01 00:00:00.0000000,NULL,1,2,Zona
ES,zones_menu,00000000-0000-0000-0000-000000000000,NULL,NULL,NULL,0001-01-01 00:00:00.0000000,NULL,1,2,Zonas
EN,series_lbl,00000000-0000-0000-0000-000000000000,NULL,NULL,NULL,0001-01-01 00:00:00.0000000,NULL,1,1,Series
ES,series_lbl,00000000-0000-0000-0000-000000000000,NULL,NULL,NULL,0001-01-01 00:00:00.0000000,NULL,1,2,Serie
EN,addSector_btn,00000000-0000-0000-0000-000000000000,NULL,NULL,NULL,0001-01-01 00:00:00.0000000,NULL,1,1,Add sector
ES,addSector_btn,00000000-0000-0000-0000-000000000000,NULL,NULL,NULL,0001-01-01 00:00:00.0000000,NULL,1,2,Agregar sector
EN,sellerRate_lbl,00000000-0000-0000-0000-000000000000,NULL,NULL,NULL,0001-01-01 00:00:00.0000000,NULL,1,1,Seller rate
ES,sellerRate_lbl,00000000-0000-0000-0000-000000000000,NULL,NULL,NULL,0001-01-01 00:00:00.0000000,NULL,1,2,Porcentaje de comisión
EN,schools_menu,00000000-0000-0000-0000-000000000000,NULL,NULL,NULL,0001-01-01 00:00:00.0000000,NULL,1,1,Schools
ES,schools_menu,00000000-0000-0000-0000-000000000000,NULL,NULL,NULL,0001-01-01 00:00:00.0000000,NULL,1,2,Escuelas
EN,customer_lbl,00000000-0000-0000-0000-000000000000,NULL,NULL,NULL,0001-01-01 00:00:00.0000000,NULL,1,1,Customer
ES,customer_lbl,00000000-0000-0000-0000-000000000000,NULL,NULL,NULL,0001-01-01 00:00:00.0000000,NULL,1,2,Cliente
EN,leadDueDays_lbl,00000000-0000-0000-0000-000000000000,NULL,NULL,NULL,0001-01-01 00:00:00.0000000,NULL,1,1,Lead due days
ES,leadDueDays_lbl,00000000-0000-0000-0000-000000000000,NULL,NULL,NULL,0001-01-01 00:00:00.0000000,NULL,1,2,Dias de vencimiento
EN,contacts_lbl,00000000-0000-0000-0000-000000000000,NULL,NULL,NULL,0001-01-01 00:00:00.0000000,NULL,1,1,Contacts
ES,contacts_lbl,00000000-0000-0000-0000-000000000000,NULL,NULL,NULL,0001-01-01 00:00:00.0000000,NULL,1,2,Contactos
EN,assignedWarehouse_lbl,00000000-0000-0000-0000-000000000000,NULL,NULL,NULL,0001-01-01 00:00:00.0000000,NULL,1,1,Assigned Warehouse
ES,assignedWarehouse_lbl,00000000-0000-0000-0000-000000000000,NULL,NULL,NULL,0001-01-01 00:00:00.0000000,NULL,1,2,Almacén asignado
EN,position_lbl,00000000-0000-0000-0000-000000000000,NULL,NULL,NULL,0001-01-01 00:00:00.0000000,NULL,1,1,Position
ES,position_lbl,00000000-0000-0000-0000-000000000000,NULL,NULL,NULL,0001-01-01 00:00:00.0000000,NULL,1,2,Posición
EN,menu_lbl,00000000-0000-0000-0000-000000000000,NULL,NULL,NULL,0001-01-01 00:00:00.0000000,NULL,1,1,Lunch menu
ES,menu_lbl,00000000-0000-0000-0000-000000000000,NULL,NULL,NULL,0001-01-01 00:00:00.0000000,NULL,1,2,Menú escolar
EN,monday_lbl,00000000-0000-0000-0000-000000000000,NULL,NULL,NULL,0001-01-01 00:00:00.0000000,NULL,1,1,Monday
ES,monday_lbl,00000000-0000-0000-0000-000000000000,NULL,NULL,NULL,0001-01-01 00:00:00.0000000,NULL,1,2,Lunes
EN,tusday_lbl,00000000-0000-0000-0000-000000000000,NULL,NULL,NULL,0001-01-01 00:00:00.0000000,NULL,1,1,Tusday
ES,tusday_lbl,00000000-0000-0000-0000-000000000000,NULL,NULL,NULL,0001-01-01 00:00:00.0000000,NULL,1,2,Martes
EN,wendsday_lbl,00000000-0000-0000-0000-000000000000,NULL,NULL,NULL,0001-01-01 00:00:00.0000000,NULL,1,1,Wendsday
ES,wendsday_lbl,00000000-0000-0000-0000-000000000000,NULL,NULL,NULL,0001-01-01 00:00:00.0000000,NULL,1,2,Miércoles
EN,thursday_lbl,00000000-0000-0000-0000-000000000000,NULL,NULL,NULL,0001-01-01 00:00:00.0000000,NULL,1,1,Thursday
ES,thursday_lbl,00000000-0000-0000-0000-000000000000,NULL,NULL,NULL,0001-01-01 00:00:00.0000000,NULL,1,2,Jueves
EN,friday_lbl,00000000-0000-0000-0000-000000000000,NULL,NULL,NULL,0001-01-01 00:00:00.0000000,NULL,1,1,Friday
ES,friday_lbl,00000000-0000-0000-0000-000000000000,NULL,NULL,NULL,0001-01-01 00:00:00.0000000,NULL,1,2,Viernes
EN,week_lbl,00000000-0000-0000-0000-000000000000,NULL,NULL,NULL,0001-01-01 00:00:00.0000000,NULL,1,1,Week of month
ES,week_lbl,00000000-0000-0000-0000-000000000000,NULL,NULL,NULL,0001-01-01 00:00:00.0000000,NULL,1,2,Semana
EN,day_lbl,00000000-0000-0000-0000-000000000000,NULL,NULL,NULL,0001-01-01 00:00:00.0000000,NULL,1,1,Day of week
ES,day_lbl,00000000-0000-0000-0000-000000000000,NULL,NULL,NULL,0001-01-01 00:00:00.0000000,NULL,1,2,Día de la semana
EN,invoiceLeads_lbl,00000000-0000-0000-0000-000000000000,NULL,NULL,NULL,0001-01-01 00:00:00.0000000,NULL,1,1,Invoice Lead
ES,invoiceLeads_lbl,00000000-0000-0000-0000-000000000000,NULL,NULL,NULL,0001-01-01 00:00:00.0000000,NULL,1,2,Conduces de factura
EN,print_lbl,00000000-0000-0000-0000-000000000000,NULL,NULL,NULL,0001-01-01 00:00:00.0000000,NULL,1,1,Print
ES,print_lbl,00000000-0000-0000-0000-000000000000,NULL,NULL,NULL,0001-01-01 00:00:00.0000000,NULL,1,2,Imprimir
EN,billingStateB_lbl,00000000-0000-0000-0000-000000000000,NULL,NULL,NULL,0001-01-01 00:00:00.0000000,NULL,1,1,Billed
ES,billingStateB_lbl,00000000-0000-0000-0000-000000000000,NULL,NULL,NULL,0001-01-01 00:00:00.0000000,NULL,1,2,Facturado
EN,billingStateN_lbl,00000000-0000-0000-0000-000000000000,NULL,NULL,NULL,0001-01-01 00:00:00.0000000,NULL,1,1,Nulled
ES,billingStateN_lbl,00000000-0000-0000-0000-000000000000,NULL,NULL,NULL,0001-01-01 00:00:00.0000000,NULL,1,2,Anulado
EN,billingStateP_lbl,00000000-0000-0000-0000-000000000000,NULL,NULL,NULL,0001-01-01 00:00:00.0000000,NULL,1,1,Paid
ES,billingStateP_lbl,00000000-0000-0000-0000-000000000000,NULL,NULL,NULL,0001-01-01 00:00:00.0000000,NULL,1,2,Pago aplicado
EN,billingStateQ_lbl,00000000-0000-0000-0000-000000000000,NULL,NULL,NULL,0001-01-01 00:00:00.0000000,NULL,1,1,Quoted
ES,billingStateQ_lbl,00000000-0000-0000-0000-000000000000,NULL,NULL,NULL,0001-01-01 00:00:00.0000000,NULL,1,2,Cotizado
EN,billingStateC_lbl,00000000-0000-0000-0000-000000000000,NULL,NULL,NULL,0001-01-01 00:00:00.0000000,NULL,1,1,Converted
ES,billingStateC_lbl,00000000-0000-0000-0000-000000000000,NULL,NULL,NULL,0001-01-01 00:00:00.0000000,NULL,1,2,Convertido
EN,billingStateG_lbl,00000000-0000-0000-0000-000000000000,NULL,NULL,NULL,0001-01-01 00:00:00.0000000,NULL,1,1,Generated
ES,billingStateG_lbl,00000000-0000-0000-0000-000000000000,NULL,NULL,NULL,0001-01-01 00:00:00.0000000,NULL,1,2,Generado
EN,billingStateJ_lbl,00000000-0000-0000-0000-000000000000,NULL,NULL,NULL,0001-01-01 00:00:00.0000000,NULL,1,1,Projected
ES,billingStateJ_lbl,00000000-0000-0000-0000-000000000000,NULL,NULL,NULL,0001-01-01 00:00:00.0000000,NULL,1,2,Proyectado
EN,billingStateD_lbl,00000000-0000-0000-0000-000000000000,NULL,NULL,NULL,0001-01-01 00:00:00.0000000,NULL,1,1,Delivered
ES,billingStateD_lbl,00000000-0000-0000-0000-000000000000,NULL,NULL,NULL,0001-01-01 00:00:00.0000000,NULL,1,2,Entregado
EN,billingStateE_lbl,00000000-0000-0000-0000-000000000000,NULL,NULL,NULL,0001-01-01 00:00:00.0000000,NULL,1,1,Expired
ES,billingStateE_lbl,00000000-0000-0000-0000-000000000000,NULL,NULL,NULL,0001-01-01 00:00:00.0000000,NULL,1,2,Expirado
EN,billingStateI_lbl,00000000-0000-0000-0000-000000000000,NULL,NULL,NULL,0001-01-01 00:00:00.0000000,NULL,1,1,Not enough inventory 
ES,billingStateI_lbl,00000000-0000-0000-0000-000000000000,NULL,NULL,NULL,0001-01-01 00:00:00.0000000,NULL,1,2,Inventario insuficiente
EN,billingStateM_lbl,00000000-0000-0000-0000-000000000000,NULL,NULL,NULL,0001-01-01 00:00:00.0000000,NULL,1,1,Nulled Lead
ES,billingStateM_lbl,00000000-0000-0000-0000-000000000000,NULL,NULL,NULL,0001-01-01 00:00:00.0000000,NULL,1,2,Conduce anulado
EN,billingStateO_lbl,00000000-0000-0000-0000-000000000000,NULL,NULL,NULL,0001-01-01 00:00:00.0000000,NULL,1,1,Generated without inventory
ES,billingStateO_lbl,00000000-0000-0000-0000-000000000000,NULL,NULL,NULL,0001-01-01 00:00:00.0000000,NULL,1,2,Generado sin inventario
EN,deliverLead_lbl,00000000-0000-0000-0000-000000000000,NULL,NULL,NULL,0001-01-01 00:00:00.0000000,NULL,1,1,Mark lead as delivered
ES,deliverLead_lbl,00000000-0000-0000-0000-000000000000,NULL,NULL,NULL,0001-01-01 00:00:00.0000000,NULL,1,2,Marcar como entregado
EN,createLead_lbl,00000000-0000-0000-0000-000000000000,NULL,NULL,NULL,0001-01-01 00:00:00.0000000,NULL,1,1,Create lead
ES,createLead_lbl,00000000-0000-0000-0000-000000000000,NULL,NULL,NULL,0001-01-01 00:00:00.0000000,NULL,1,2,Crear conduce
EN,school_lbl,00000000-0000-0000-0000-000000000000,NULL,NULL,NULL,0001-01-01 00:00:00.0000000,NULL,1,1,School
ES,school_lbl,00000000-0000-0000-0000-000000000000,NULL,NULL,NULL,0001-01-01 00:00:00.0000000,NULL,1,2,Escuela 
EN,dispatchInventory_lbl,00000000-0000-0000-0000-000000000000,NULL,NULL,NULL,0001-01-01 00:00:00.0000000,NULL,1,1,Dispatch Inventory
ES,dispatchInventory_lbl,00000000-0000-0000-0000-000000000000,NULL,NULL,NULL,0001-01-01 00:00:00.0000000,NULL,1,2,Despachar inventario
EN,unitPrice_lbl,00000000-0000-0000-0000-000000000000,NULL,NULL,NULL,0001-01-01 00:00:00.0000000,NULL,1,1,Unit price
ES,unitPrice_lbl,00000000-0000-0000-0000-000000000000,NULL,NULL,NULL,0001-01-01 00:00:00.0000000,NULL,1,2,Precio unitario
EN,productCost_lbl,00000000-0000-0000-0000-000000000000,NULL,NULL,NULL,0001-01-01 00:00:00.0000000,NULL,1,1,Product cost
ES,productCost_lbl,00000000-0000-0000-0000-000000000000,NULL,NULL,NULL,0001-01-01 00:00:00.0000000,NULL,1,2,Costo de producto
EN,markAsDeliveredConfirm_lbl,00000000-0000-0000-0000-000000000000,NULL,NULL,NULL,0001-01-01 00:00:00.0000000,NULL,1,1,Are you sure to mark this lead as delivered?
ES,markAsDeliveredConfirm_lbl,00000000-0000-0000-0000-000000000000,NULL,NULL,NULL,0001-01-01 00:00:00.0000000,NULL,1,2,Está seguro que desea marcar el conduce como entregado?
EN,state_lbl,00000000-0000-0000-0000-000000000000,NULL,NULL,NULL,0001-01-01 00:00:00.0000000,NULL,1,1,State
ES,state_lbl,00000000-0000-0000-0000-000000000000,NULL,NULL,NULL,0001-01-01 00:00:00.0000000,NULL,1,2,Estado
EN,pay_btn,00000000-0000-0000-0000-000000000000,NULL,NULL,NULL,0001-01-01 00:00:00.0000000,NULL,1,1,Pay
ES,pay_btn,00000000-0000-0000-0000-000000000000,NULL,NULL,NULL,0001-01-01 00:00:00.0000000,NULL,1,2,Pagar
EN,null_btn,00000000-0000-0000-0000-000000000000,NULL,NULL,NULL,0001-01-01 00:00:00.0000000,NULL,1,1,Null
ES,null_btn,00000000-0000-0000-0000-000000000000,NULL,NULL,NULL,0001-01-01 00:00:00.0000000,NULL,1,2,Anular
EN,month_lbl,00000000-0000-0000-0000-000000000000,NULL,NULL,NULL,0001-01-01 00:00:00.0000000,NULL,1,1,Month
ES,month_lbl,00000000-0000-0000-0000-000000000000,NULL,NULL,NULL,0001-01-01 00:00:00.0000000,NULL,1,2,Mes
EN,leadNumber_lbl,00000000-0000-0000-0000-000000000000,NULL,NULL,NULL,0001-01-01 00:00:00.0000000,NULL,1,1,Lead number
ES,leadNumber_lbl,00000000-0000-0000-0000-000000000000,NULL,NULL,NULL,0001-01-01 00:00:00.0000000,NULL,1,2,Número de conduce
EN,subTotal_lbl,00000000-0000-0000-0000-000000000000,NULL,NULL,NULL,0001-01-01 00:00:00.0000000,NULL,1,1,Before taxes amount
ES,subTotal_lbl,00000000-0000-0000-0000-000000000000,NULL,NULL,NULL,0001-01-01 00:00:00.0000000,NULL,1,2,Monto grabado
EN,expensePayments_menu,00000000-0000-0000-0000-000000000000,NULL,NULL,NULL,0001-01-01 00:00:00.0000000,NULL,1,1,Expenses payments
ES,expensePayments_menu,00000000-0000-0000-0000-000000000000,NULL,NULL,NULL,0001-01-01 00:00:00.0000000,NULL,1,2,Pagos de gastos
EN,invoiceNumber_lbl,00000000-0000-0000-0000-000000000000,NULL,NULL,NULL,0001-01-01 00:00:00.0000000,NULL,1,1,Invoice number
ES,invoiceNumber_lbl,00000000-0000-0000-0000-000000000000,NULL,NULL,NULL,0001-01-01 00:00:00.0000000,NULL,1,2,Número de factura
EN,salesReport_menu,00000000-0000-0000-0000-000000000000,NULL,NULL,NULL,0001-01-01 00:00:00.0000000,NULL,1,1,Sales report
ES,salesReport_menu,00000000-0000-0000-0000-000000000000,NULL,NULL,NULL,0001-01-01 00:00:00.0000000,NULL,1,2,Reporte de ventas
EN,startDate_lbl,00000000-0000-0000-0000-000000000000,NULL,NULL,NULL,0001-01-01 00:00:00.0000000,NULL,1,1,Start date
ES,startDate_lbl,00000000-0000-0000-0000-000000000000,NULL,NULL,NULL,0001-01-01 00:00:00.0000000,NULL,1,2,Fecha inicio
EN,endDate_lbl,00000000-0000-0000-0000-000000000000,NULL,NULL,NULL,0001-01-01 00:00:00.0000000,NULL,1,1,End date
ES,endDate_lbl,00000000-0000-0000-0000-000000000000,NULL,NULL,NULL,0001-01-01 00:00:00.0000000,NULL,1,2,Fecha final
EN,taxesAmount_lbl,00000000-0000-0000-0000-000000000000,NULL,NULL,NULL,0001-01-01 00:00:00.0000000,NULL,1,1,Taxes amount
ES,taxesAmount_lbl,00000000-0000-0000-0000-000000000000,NULL,NULL,NULL,0001-01-01 00:00:00.0000000,NULL,1,2,Monto impuestos
EN,discountAmount_lbl,00000000-0000-0000-0000-000000000000,NULL,NULL,NULL,0001-01-01 00:00:00.0000000,NULL,1,1,Discount Amount
ES,discountAmount_lbl,00000000-0000-0000-0000-000000000000,NULL,NULL,NULL,0001-01-01 00:00:00.0000000,NULL,1,2,Monto descuento
EN,appliedCreditNoteAmount_lbl,00000000-0000-0000-0000-000000000000,NULL,NULL,NULL,0001-01-01 00:00:00.0000000,NULL,1,1,Applied CN amount
ES,appliedCreditNoteAmount_lbl,00000000-0000-0000-0000-000000000000,NULL,NULL,NULL,0001-01-01 00:00:00.0000000,NULL,1,2,Monto NC aplicada
EN,daysAmount_lbl,00000000-0000-0000-0000-000000000000,NULL,NULL,NULL,0001-01-01 00:00:00.0000000,NULL,1,1,Days amount
ES,daysAmount_lbl,00000000-0000-0000-0000-000000000000,NULL,NULL,NULL,0001-01-01 00:00:00.0000000,NULL,1,2,Cantidad de días
EN,billingDate_lbl,00000000-0000-0000-0000-000000000000,NULL,NULL,NULL,0001-01-01 00:00:00.0000000,NULL,1,1,Billing date
ES,billingDate_lbl,00000000-0000-0000-0000-000000000000,NULL,NULL,NULL,0001-01-01 00:00:00.0000000,NULL,1,2,Fecha de facturación
EN,trnControl_lbl,00000000-0000-0000-0000-000000000000,NULL,NULL,NULL,0001-01-01 00:00:00.0000000,NULL,1,1,TRN control
ES,trnControl_lbl,00000000-0000-0000-0000-000000000000,NULL,NULL,NULL,0001-01-01 00:00:00.0000000,NULL,1,2,Control NCF
EN,seller_lbl,00000000-0000-0000-0000-000000000000,NULL,NULL,NULL,0001-01-01 00:00:00.0000000,NULL,1,1,Seller
ES,seller_lbl,00000000-0000-0000-0000-000000000000,NULL,NULL,NULL,0001-01-01 00:00:00.0000000,NULL,1,2,Vendedor
EN,receivedAmount_lbl,00000000-0000-0000-0000-000000000000,NULL,NULL,NULL,0001-01-01 00:00:00.0000000,NULL,1,1,Received amount
ES,receivedAmount_lbl,00000000-0000-0000-0000-000000000000,NULL,NULL,NULL,0001-01-01 00:00:00.0000000,NULL,1,2,Monto recibido
EN,returnedAmount_lbl,00000000-0000-0000-0000-000000000000,NULL,NULL,NULL,0001-01-01 00:00:00.0000000,NULL,1,1,Returned amount
ES,returnedAmount_lbl,00000000-0000-0000-0000-000000000000,NULL,NULL,NULL,0001-01-01 00:00:00.0000000,NULL,1,2,Monto devuelto
EN,discountRate_lbl,00000000-0000-0000-0000-000000000000,NULL,NULL,NULL,0001-01-01 00:00:00.0000000,NULL,1,1,Discount rate
ES,discountRate_lbl,00000000-0000-0000-0000-000000000000,NULL,NULL,NULL,0001-01-01 00:00:00.0000000,NULL,1,2,Porcentaje descuento
EN,nrc_lbl,00000000-0000-0000-0000-000000000000,NULL,NULL,NULL,0001-01-01 00:00:00.0000000,NULL,1,1,NRC
ES,nrc_lbl,00000000-0000-0000-0000-000000000000,NULL,NULL,NULL,0001-01-01 00:00:00.0000000,NULL,1,2,NRC
EN,sellerRate_lbl,00000000-0000-0000-0000-000000000000,NULL,NULL,NULL,0001-01-01 00:00:00.0000000,NULL,1,1,Seller rate
ES,sellerRate_lbl,00000000-0000-0000-0000-000000000000,NULL,NULL,NULL,0001-01-01 00:00:00.0000000,NULL,1,2,Porcentaje comisión
EN,documentNumber_lbl,00000000-0000-0000-0000-000000000000,NULL,NULL,NULL,0001-01-01 00:00:00.0000000,NULL,1,1,Document number
ES,documentNumber_lbl,00000000-0000-0000-0000-000000000000,NULL,NULL,NULL,0001-01-01 00:00:00.0000000,NULL,1,2,Número documento
EN,receiptsReport_menu,00000000-0000-0000-0000-000000000000,NULL,NULL,NULL,0001-01-01 00:00:00.0000000,NULL,1,1,Receipts report
ES,receiptsReport_menu,00000000-0000-0000-0000-000000000000,NULL,NULL,NULL,0001-01-01 00:00:00.0000000,NULL,1,2,Reporte recibos ingreso
EN,reportType_lbl,00000000-0000-0000-0000-000000000000,NULL,NULL,NULL,0001-01-01 00:00:00.0000000,NULL,1,1,Report type
ES,reportType_lbl,00000000-0000-0000-0000-000000000000,NULL,NULL,NULL,0001-01-01 00:00:00.0000000,NULL,1,2,Tipo de reporte
EN,salesComission_lbl,00000000-0000-0000-0000-000000000000,NULL,NULL,NULL,0001-01-01 00:00:00.0000000,NULL,1,1,Sales comissions
ES,salesComission_lbl,00000000-0000-0000-0000-000000000000,NULL,NULL,NULL,0001-01-01 00:00:00.0000000,NULL,1,2,Comisiones por ventas
EN,paymentsComission_lbl,00000000-0000-0000-0000-000000000000,NULL,NULL,NULL,0001-01-01 00:00:00.0000000,NULL,1,1,Payments comissions
ES,paymentsComission_lbl,00000000-0000-0000-0000-000000000000,NULL,NULL,NULL,0001-01-01 00:00:00.0000000,NULL,1,2,Comisiones por cobro
EN,comissionAmount_lbl,00000000-0000-0000-0000-000000000000,NULL,NULL,NULL,0001-01-01 00:00:00.0000000,NULL,1,1,Comissions amount
ES,comissionAmount_lbl,00000000-0000-0000-0000-000000000000,NULL,NULL,NULL,0001-01-01 00:00:00.0000000,NULL,1,2,Monto comisiones
EN,totalIncome_lbl,00000000-0000-0000-0000-000000000000,NULL,NULL,NULL,0001-01-01 00:00:00.0000000,NULL,1,1,Total income
ES,totalIncome_lbl,00000000-0000-0000-0000-000000000000,NULL,NULL,NULL,0001-01-01 00:00:00.0000000,NULL,1,2,Monto total de entradas
EN,debits_lbl,00000000-0000-0000-0000-000000000000,NULL,NULL,NULL,0001-01-01 00:00:00.0000000,NULL,1,1,Debits
ES,debits_lbl,00000000-0000-0000-0000-000000000000,NULL,NULL,NULL,0001-01-01 00:00:00.0000000,NULL,1,2,Débitos
EN,credits_lbl,00000000-0000-0000-0000-000000000000,NULL,NULL,NULL,0001-01-01 00:00:00.0000000,NULL,1,1,Credits
ES,credits_lbl,00000000-0000-0000-0000-000000000000,NULL,NULL,NULL,0001-01-01 00:00:00.0000000,NULL,1,2,Créditos
EN,balance_lbl,00000000-0000-0000-0000-000000000000,NULL,NULL,NULL,0001-01-01 00:00:00.0000000,NULL,1,1,Balance
ES,balance_lbl,00000000-0000-0000-0000-000000000000,NULL,NULL,NULL,0001-01-01 00:00:00.0000000,NULL,1,2,Balance
EN,incomeAmount_lbl,00000000-0000-0000-0000-000000000000,NULL,NULL,NULL,0001-01-01 00:00:00.0000000,NULL,1,1,Income amount
ES,incomeAmount_lbl,00000000-0000-0000-0000-000000000000,NULL,NULL,NULL,0001-01-01 00:00:00.0000000,NULL,1,2,Monto recibidos
EN,outcomeAmount_lbl,00000000-0000-0000-0000-000000000000,NULL,NULL,NULL,0001-01-01 00:00:00.0000000,NULL,1,1,Outcome amount
ES,outcomeAmount_lbl,00000000-0000-0000-0000-000000000000,NULL,NULL,NULL,0001-01-01 00:00:00.0000000,NULL,1,2,Monto entregrados
EN,customerDebt_lbl,00000000-0000-0000-0000-000000000000,NULL,NULL,NULL,0001-01-01 00:00:00.0000000,NULL,1,1,Customer debts
ES,customerDebt_lbl,00000000-0000-0000-0000-000000000000,NULL,NULL,NULL,0001-01-01 00:00:00.0000000,NULL,1,2,Monto deuda de cliente
EN,companyDebt_lbl,00000000-0000-0000-0000-000000000000,NULL,NULL,NULL,0001-01-01 00:00:00.0000000,NULL,1,1,Company debts
ES,companyDebt_lbl,00000000-0000-0000-0000-000000000000,NULL,NULL,NULL,0001-01-01 00:00:00.0000000,NULL,1,2,Monto deuda de la compañia
EN,recordedRate_lbl,00000000-0000-0000-0000-000000000000,NULL,NULL,NULL,0001-01-01 00:00:00.0000000,NULL,1,1,Recorded rate
ES,recordedRate_lbl,00000000-0000-0000-0000-000000000000,NULL,NULL,NULL,0001-01-01 00:00:00.0000000,NULL,1,2,Tasa registrada
EN,search_lbl,00000000-0000-0000-0000-000000000000,NULL,NULL,NULL,0001-01-01 00:00:00.0000000,NULL,1,1,Search
ES,search_lbl,00000000-0000-0000-0000-000000000000,NULL,NULL,NULL,0001-01-01 00:00:00.0000000,NULL,1,2,Buscar
EN,totalOutcome_lbl,00000000-0000-0000-0000-000000000000,NULL,NULL,NULL,0001-01-01 00:00:00.0000000,NULL,1,1,Total outcome
ES,totalOutcome_lbl,00000000-0000-0000-0000-000000000000,NULL,NULL,NULL,0001-01-01 00:00:00.0000000,NULL,1,2,Monto total de salidas
EN,totalCustomersDebt_lbl,00000000-0000-0000-0000-000000000000,NULL,NULL,NULL,0001-01-01 00:00:00.0000000,NULL,1,1,Total customers debts
ES,totalCustomersDebt_lbl,00000000-0000-0000-0000-000000000000,NULL,NULL,NULL,0001-01-01 00:00:00.0000000,NULL,1,2,Monto total deuda de clientes
EN,totalCompanyDebt_lbl,00000000-0000-0000-0000-000000000000,NULL,NULL,NULL,0001-01-01 00:00:00.0000000,NULL,1,1,Total company debts
ES,totalCompanyDebt_lbl,00000000-0000-0000-0000-000000000000,NULL,NULL,NULL,0001-01-01 00:00:00.0000000,NULL,1,2,Monto total deuda de la compañia
EN,pleaseSelect_lbl,00000000-0000-0000-0000-000000000000,NULL,NULL,NULL,0001-01-01 00:00:00.0000000,NULL,1,1,Please select
ES,pleaseSelect_lbl,00000000-0000-0000-0000-000000000000,NULL,NULL,NULL,0001-01-01 00:00:00.0000000,NULL,1,2,Favor seleccionar
EN,jan_lbl,00000000-0000-0000-0000-000000000000,NULL,NULL,NULL,0001-01-01 00:00:00.0000000,NULL,1,1,January
ES,jan_lbl,00000000-0000-0000-0000-000000000000,NULL,NULL,NULL,0001-01-01 00:00:00.0000000,NULL,1,2,Enero
EN,feb_lbl,00000000-0000-0000-0000-000000000000,NULL,NULL,NULL,0001-01-01 00:00:00.0000000,NULL,1,1,Febrary
ES,feb_lbl,00000000-0000-0000-0000-000000000000,NULL,NULL,NULL,0001-01-01 00:00:00.0000000,NULL,1,2,Febrero
EN,march_lbl,00000000-0000-0000-0000-000000000000,NULL,NULL,NULL,0001-01-01 00:00:00.0000000,NULL,1,1,March
ES,march_lbl,00000000-0000-0000-0000-000000000000,NULL,NULL,NULL,0001-01-01 00:00:00.0000000,NULL,1,2,Marzo
EN,april_lbl,00000000-0000-0000-0000-000000000000,NULL,NULL,NULL,0001-01-01 00:00:00.0000000,NULL,1,1,April
ES,april_lbl,00000000-0000-0000-0000-000000000000,NULL,NULL,NULL,0001-01-01 00:00:00.0000000,NULL,1,2,Abril
EN,may_lbl,00000000-0000-0000-0000-000000000000,NULL,NULL,NULL,0001-01-01 00:00:00.0000000,NULL,1,1,May
ES,may_lbl,00000000-0000-0000-0000-000000000000,NULL,NULL,NULL,0001-01-01 00:00:00.0000000,NULL,1,2,Mayo
EN,jun_lbl,00000000-0000-0000-0000-000000000000,NULL,NULL,NULL,0001-01-01 00:00:00.0000000,NULL,1,1,Jun
ES,jun_lbl,00000000-0000-0000-0000-000000000000,NULL,NULL,NULL,0001-01-01 00:00:00.0000000,NULL,1,2,Junio
EN,jul_lbl,00000000-0000-0000-0000-000000000000,NULL,NULL,NULL,0001-01-01 00:00:00.0000000,NULL,1,1,July
ES,jul_lbl,00000000-0000-0000-0000-000000000000,NULL,NULL,NULL,0001-01-01 00:00:00.0000000,NULL,1,2,Julio
EN,aug_lbl,00000000-0000-0000-0000-000000000000,NULL,NULL,NULL,0001-01-01 00:00:00.0000000,NULL,1,1,Augoust
ES,aug_lbl,00000000-0000-0000-0000-000000000000,NULL,NULL,NULL,0001-01-01 00:00:00.0000000,NULL,1,2,Agosto
EN,sep_lbl,00000000-0000-0000-0000-000000000000,NULL,NULL,NULL,0001-01-01 00:00:00.0000000,NULL,1,1,September
ES,sep_lbl,00000000-0000-0000-0000-000000000000,NULL,NULL,NULL,0001-01-01 00:00:00.0000000,NULL,1,2,septiembre
EN,oct_lbl,00000000-0000-0000-0000-000000000000,NULL,NULL,NULL,0001-01-01 00:00:00.0000000,NULL,1,1,October
ES,oct_lbl,00000000-0000-0000-0000-000000000000,NULL,NULL,NULL,0001-01-01 00:00:00.0000000,NULL,1,2,Octubre
EN,nov_lbl,00000000-0000-0000-0000-000000000000,NULL,NULL,NULL,0001-01-01 00:00:00.0000000,NULL,1,1,November
ES,nov_lbl,00000000-0000-0000-0000-000000000000,NULL,NULL,NULL,0001-01-01 00:00:00.0000000,NULL,1,2,Noviembre
EN,dec_lbl,00000000-0000-0000-0000-000000000000,NULL,NULL,NULL,0001-01-01 00:00:00.0000000,NULL,1,1,Dicember
ES,dec_lbl,00000000-0000-0000-0000-000000000000,NULL,NULL,NULL,0001-01-01 00:00:00.0000000,NULL,1,2,Diciember
EN,totalBilled_lbl,00000000-0000-0000-0000-000000000000,NULL,NULL,NULL,0001-01-01 00:00:00.0000000,NULL,1,1,Total billed
ES,totalBilled_lbl,00000000-0000-0000-0000-000000000000,NULL,NULL,NULL,0001-01-01 00:00:00.0000000,NULL,1,2,Total facturado
EN,totalPaid_lbl,00000000-0000-0000-0000-000000000000,NULL,NULL,NULL,0001-01-01 00:00:00.0000000,NULL,1,1,Total paid
ES,totalPaid_lbl,00000000-0000-0000-0000-000000000000,NULL,NULL,NULL,0001-01-01 00:00:00.0000000,NULL,1,2,Total pagado
EN,totalOwed_lbl,00000000-0000-0000-0000-000000000000,NULL,NULL,NULL,0001-01-01 00:00:00.0000000,NULL,1,1,Total owed
ES,totalOwed_lbl,00000000-0000-0000-0000-000000000000,NULL,NULL,NULL,0001-01-01 00:00:00.0000000,NULL,1,2,Total adeudado
EN,TRNType_lbl,00000000-0000-0000-0000-000000000000,NULL,NULL,NULL,0001-01-01 00:00:00.0000000,NULL,1,1,TRN type
ES,TRNType_lbl,00000000-0000-0000-0000-000000000000,NULL,NULL,NULL,0001-01-01 00:00:00.0000000,NULL,1,2,Tipo NCF
EN,OutstandingAmount_lbl,00000000-0000-0000-0000-000000000000,NULL,NULL,NULL,0001-01-01 00:00:00.0000000,NULL,1,1,Outstanding amount
ES,OutstandingAmount_lbl,00000000-0000-0000-0000-000000000000,NULL,NULL,NULL,0001-01-01 00:00:00.0000000,NULL,1,2,Monto pendiente
EN,CheckbookNumber_lbl,00000000-0000-0000-0000-000000000000,NULL,NULL,NULL,0001-01-01 00:00:00.0000000,NULL,1,1,Checkbook number
ES,CheckbookNumber_lbl,00000000-0000-0000-0000-000000000000,NULL,NULL,NULL,0001-01-01 00:00:00.0000000,NULL,1,2,Número de talonario
EN,InvoiceCurrency_lbl,00000000-0000-0000-0000-000000000000,NULL,NULL,NULL,0001-01-01 00:00:00.0000000,NULL,1,1,Invoice currency
ES,InvoiceCurrency_lbl,00000000-0000-0000-0000-000000000000,NULL,NULL,NULL,0001-01-01 00:00:00.0000000,NULL,1,2,Moneda de factura
EN,DaysCount_lbl,00000000-0000-0000-0000-000000000000,NULL,NULL,NULL,0001-01-01 00:00:00.0000000,NULL,1,1,Days count
ES,DaysCount_lbl,00000000-0000-0000-0000-000000000000,NULL,NULL,NULL,0001-01-01 00:00:00.0000000,NULL,1,2,Cantidad de días
EN,SellerName_lbl,00000000-0000-0000-0000-000000000000,NULL,NULL,NULL,0001-01-01 00:00:00.0000000,NULL,1,1,Seller name
ES,SellerName_lbl,00000000-0000-0000-0000-000000000000,NULL,NULL,NULL,0001-01-01 00:00:00.0000000,NULL,1,2,Nombre de vendedor
EN,CurrencyCode_lbl,00000000-0000-0000-0000-000000000000,NULL,NULL,NULL,0001-01-01 00:00:00.0000000,NULL,1,1,Currency code
ES,CurrencyCode_lbl,00000000-0000-0000-0000-000000000000,NULL,NULL,NULL,0001-01-01 00:00:00.0000000,NULL,1,2,Moneda
EN,CustomerName_lbl,00000000-0000-0000-0000-000000000000,NULL,NULL,NULL,0001-01-01 00:00:00.0000000,NULL,1,1,Customer name
ES,CustomerName_lbl,00000000-0000-0000-0000-000000000000,NULL,NULL,NULL,0001-01-01 00:00:00.0000000,NULL,1,2,Nombre de cliente
EN,CurrentBalance_lbl,00000000-0000-0000-0000-000000000000,NULL,NULL,NULL,0001-01-01 00:00:00.0000000,NULL,1,1,Current balance
ES,CurrentBalance_lbl,00000000-0000-0000-0000-000000000000,NULL,NULL,NULL,0001-01-01 00:00:00.0000000,NULL,1,2,Balance actual
EN,GivenAmount_lbl,00000000-0000-0000-0000-000000000000,NULL,NULL,NULL,0001-01-01 00:00:00.0000000,NULL,1,1,Given amount
ES,GivenAmount_lbl,00000000-0000-0000-0000-000000000000,NULL,NULL,NULL,0001-01-01 00:00:00.0000000,NULL,1,2,Monto aplicado
EN,ExchangeRateAmount_lbl,00000000-0000-0000-0000-000000000000,NULL,NULL,NULL,0001-01-01 00:00:00.0000000,NULL,1,1,Exchange rate amount
ES,ExchangeRateAmount_lbl,00000000-0000-0000-0000-000000000000,NULL,NULL,NULL,0001-01-01 00:00:00.0000000,NULL,1,2,Monto de tasa
EN,ExpenseReference_lbl,00000000-0000-0000-0000-000000000000,NULL,NULL,NULL,0001-01-01 00:00:00.0000000,NULL,1,1,Expense reference
ES,ExpenseReference_lbl,00000000-0000-0000-0000-000000000000,NULL,NULL,NULL,0001-01-01 00:00:00.0000000,NULL,1,2,Referencia de gasto
EN,NumberOfDays_lbl,00000000-0000-0000-0000-000000000000,NULL,NULL,NULL,0001-01-01 00:00:00.0000000,NULL,1,1,Days count
ES,NumberOfDays_lbl,00000000-0000-0000-0000-000000000000,NULL,NULL,NULL,0001-01-01 00:00:00.0000000,NULL,1,2,Cantidad de días
EN,Price2_lbl,00000000-0000-0000-0000-000000000000,NULL,NULL,NULL,0001-01-01 00:00:00.0000000,NULL,1,1,Price 2
ES,Price2_lbl,00000000-0000-0000-0000-000000000000,NULL,NULL,NULL,0001-01-01 00:00:00.0000000,NULL,1,2,Precio 2
EN,Price3_lbl,00000000-0000-0000-0000-000000000000,NULL,NULL,NULL,0001-01-01 00:00:00.0000000,NULL,1,1,Price 3
ES,Price3_lbl,00000000-0000-0000-0000-000000000000,NULL,NULL,NULL,0001-01-01 00:00:00.0000000,NULL,1,2,Precio 3
EN,NameAndCode_lbl,00000000-0000-0000-0000-000000000000,NULL,NULL,NULL,0001-01-01 00:00:00.0000000,NULL,1,1,Name and code
ES,NameAndCode_lbl,00000000-0000-0000-0000-000000000000,NULL,NULL,NULL,0001-01-01 00:00:00.0000000,NULL,1,2,Nombre y código
EN,Debit_lbl,00000000-0000-0000-0000-000000000000,NULL,NULL,NULL,0001-01-01 00:00:00.0000000,NULL,1,1,Debit
ES,Debit_lbl,00000000-0000-0000-0000-000000000000,NULL,NULL,NULL,0001-01-01 00:00:00.0000000,NULL,1,2,Débito
EN,Credit_lbl,00000000-0000-0000-0000-000000000000,NULL,NULL,NULL,0001-01-01 00:00:00.0000000,NULL,1,1,Credit
ES,Credit_lbl,00000000-0000-0000-0000-000000000000,NULL,NULL,NULL,0001-01-01 00:00:00.0000000,NULL,1,2,Crédito
EN,CurrencyId_lbl,00000000-0000-0000-0000-000000000000,NULL,NULL,NULL,0001-01-01 00:00:00.0000000,NULL,1,1,Currency ID
ES,CurrencyId_lbl,00000000-0000-0000-0000-000000000000,NULL,NULL,NULL,0001-01-01 00:00:00.0000000,NULL,1,2,ID de moneda
EN,CurrencyName_lbl,00000000-0000-0000-0000-000000000000,NULL,NULL,NULL,0001-01-01 00:00:00.0000000,NULL,1,1,Currency name
ES,CurrencyName_lbl,00000000-0000-0000-0000-000000000000,NULL,NULL,NULL,0001-01-01 00:00:00.0000000,NULL,1,2,Moneda
EN,SellerName_lbl,00000000-0000-0000-0000-000000000000,NULL,NULL,NULL,0001-01-01 00:00:00.0000000,NULL,1,1,Seller name
ES,SellerName_lbl,00000000-0000-0000-0000-000000000000,NULL,NULL,NULL,0001-01-01 00:00:00.0000000,NULL,1,2,nombre vendedor
EN,CustomerName_lbl,00000000-0000-0000-0000-000000000000,NULL,NULL,NULL,0001-01-01 00:00:00.0000000,NULL,1,1,Customer name
ES,CustomerName_lbl,00000000-0000-0000-0000-000000000000,NULL,NULL,NULL,0001-01-01 00:00:00.0000000,NULL,1,2,Cliente
EN,CompanyOwedAmount_lbl,00000000-0000-0000-0000-000000000000,NULL,NULL,NULL,0001-01-01 00:00:00.0000000,NULL,1,1,Company debt
ES,CompanyOwedAmount_lbl,00000000-0000-0000-0000-000000000000,NULL,NULL,NULL,0001-01-01 00:00:00.0000000,NULL,1,2,Monto adeudado compañia
EN,CustomersOwedAmount_lbl,00000000-0000-0000-0000-000000000000,NULL,NULL,NULL,0001-01-01 00:00:00.0000000,NULL,1,1,Customer debt
ES,CustomersOwedAmount_lbl,00000000-0000-0000-0000-000000000000,NULL,NULL,NULL,0001-01-01 00:00:00.0000000,NULL,1,2,Monto adeudado clientes
EN,InvoiceId_lbl,00000000-0000-0000-0000-000000000000,NULL,NULL,NULL,0001-01-01 00:00:00.0000000,NULL,1,1,Invoice ID
ES,InvoiceId_lbl,00000000-0000-0000-0000-000000000000,NULL,NULL,NULL,0001-01-01 00:00:00.0000000,NULL,1,2,ID factura
EN,TaxId_lbl,00000000-0000-0000-0000-000000000000,NULL,NULL,NULL,0001-01-01 00:00:00.0000000,NULL,1,1,Tax ID
ES,TaxId_lbl,00000000-0000-0000-0000-000000000000,NULL,NULL,NULL,0001-01-01 00:00:00.0000000,NULL,1,2,ID impuesto
EN,productNeedsTaxes_msg,00000000-0000-0000-0000-000000000000,NULL,NULL,NULL,0001-01-01 00:00:00.0000000,NULL,1,1,Product need at least one tax
ES,productNeedsTaxes_msg,00000000-0000-0000-0000-000000000000,NULL,NULL,NULL,0001-01-01 00:00:00.0000000,NULL,1,2,El producto necesita por lo menos un impuesto
EN,billedBy_lbl,00000000-0000-0000-0000-000000000000,NULL,NULL,NULL,0001-01-01 00:00:00.0000000,NULL,1,1,Billed by
ES,billedBy_lbl,00000000-0000-0000-0000-000000000000,NULL,NULL,NULL,0001-01-01 00:00:00.0000000,NULL,1,2,Facturado por
EN,deliverdBy_lbl,00000000-0000-0000-0000-000000000000,NULL,NULL,NULL,0001-01-01 00:00:00.0000000,NULL,1,1,Delivered by
ES,deliverdBy_lbl,00000000-0000-0000-0000-000000000000,NULL,NULL,NULL,0001-01-01 00:00:00.0000000,NULL,1,2,Entregado por
EN,receivedBy_lbl,00000000-0000-0000-0000-000000000000,NULL,NULL,NULL,0001-01-01 00:00:00.0000000,NULL,1,1,Received by
ES,receivedBy_lbl,00000000-0000-0000-0000-000000000000,NULL,NULL,NULL,0001-01-01 00:00:00.0000000,NULL,1,2,Recibido por
EN,bill_btn,00000000-0000-0000-0000-000000000000,NULL,NULL,NULL,0001-01-01 00:00:00.0000000,NULL,1,1,Bill Quote
ES,bill_btn,00000000-0000-0000-0000-000000000000,NULL,NULL,NULL,0001-01-01 00:00:00.0000000,NULL,1,1,Facturar Cotización
EN,creditNote_lbl,00000000-0000-0000-0000-000000000000,NULL,NULL,NULL,0001-01-01 00:00:00.0000000,NULL,1,1,Credit Note
ES,creditNote_lbl,00000000-0000-0000-0000-000000000000,NULL,NULL,NULL,0001-01-01 00:00:00.0000000,NULL,1,1,Nota de crédito
EN,creditNoteAmount_lbl,00000000-0000-0000-0000-000000000000,NULL,NULL,NULL,0001-01-01 00:00:00.0000000,NULL,1,1,Credit Note Amount
ES,creditNoteAmount_lbl,00000000-0000-0000-0000-000000000000,NULL,NULL,NULL,0001-01-01 00:00:00.0000000,NULL,1,1,Moto de Nota de crédito
EN,customerReturns_menu,00000000-0000-0000-0000-000000000000,NULL,NULL,NULL,0001-01-01 00:00:00.0000000,NULL,1,1,Customers returns
ES,customerReturns_menu,00000000-0000-0000-0000-000000000000,NULL,NULL,NULL,0001-01-01 00:00:00.0000000,NULL,1,1,Devolución de clientes
EN,addRole_btn,00000000-0000-0000-0000-000000000000,NULL,NULL,NULL,0001-01-01 00:00:00.0000000,NULL,1,1,Add roles
ES,cardIdAlreadyExist_error,00000000-0000-0000-0000-000000000000,NULL,NULL,NULL,0001-01-01 00:00:00.0000000,NULL,1,1,Identificación ya existe.
EN,cardIdAlreadyExist_error,00000000-0000-0000-0000-000000000000,NULL,NULL,NULL,0001-01-01 00:00:00.0000000,NULL,1,1,Card id already exists.
ES,invoiceNumberRequired_error,00000000-0000-0000-0000-000000000000,NULL,NULL,NULL,0001-01-01 00:00:00.0000000,NULL,1,1,Número de factura es requerido
EN,invoiceNumberRequired_error,00000000-0000-0000-0000-000000000000,NULL,NULL,NULL,0001-01-01 00:00:00.0000000,NULL,1,1,Invoice number is required
ES,returnAlreadyApplied_error,00000000-0000-0000-0000-000000000000,NULL,NULL,NULL,0001-01-01 00:00:00.0000000,NULL,1,1,La devolución ya se encuentra aplicada
EN,returnAlreadyApplied_error,00000000-0000-0000-0000-000000000000,NULL,NULL,NULL,0001-01-01 00:00:00.0000000,NULL,1,1,Return already applied
ES,detailsRequired_error,00000000-0000-0000-0000-000000000000,NULL,NULL,NULL,0001-01-01 00:00:00.0000000,NULL,1,1,Detalles son obligatorios
EN,detailsRequired_error,00000000-0000-0000-0000-000000000000,NULL,NULL,NULL,0001-01-01 00:00:00.0000000,NULL,1,1,Details are required
ES,invoiceDoesNotExist_error,00000000-0000-0000-0000-000000000000,NULL,NULL,NULL,0001-01-01 00:00:00.0000000,NULL,1,1,Número de factura no exixste
EN,invoiceDoesNotExist_error,00000000-0000-0000-0000-000000000000,NULL,NULL,NULL,0001-01-01 00:00:00.0000000,NULL,1,1,Invoice number does not exists
ES,invalidInvoiceStateReturn_error,00000000-0000-0000-0000-000000000000,NULL,NULL,NULL,0001-01-01 00:00:00.0000000,NULL,1,1,Estado de factura no es válido
EN,invalidInvoiceStateReturn_error,00000000-0000-0000-0000-000000000000,NULL,NULL,NULL,0001-01-01 00:00:00.0000000,NULL,1,1,Invalid invoice state.
ES,billConfirm_lbl,00000000-0000-0000-0000-000000000000,NULL,NULL,NULL,0001-01-01 00:00:00.0000000,NULL,1,1,Está seguro de facturar esta cotización?
EN,billConfirm_lbl,00000000-0000-0000-0000-000000000000,NULL,NULL,NULL,0001-01-01 00:00:00.0000000,NULL,1,1,Are you sure to convert this quote?
ES,savedFormData_lbl,00000000-0000-0000-0000-000000000000,NULL,NULL,NULL,0001-01-01 00:00:00.0000000,NULL,1,1,Existe información guardada en este formulario. Desea recuperarla?
EN,savedFormData_lbl,00000000-0000-0000-0000-000000000000,NULL,NULL,NULL,0001-01-01 00:00:00.0000000,NULL,1,1,There is previous information saved for this form. Do you want to recover?
ES,sessionTimeOut_error,00000000-0000-0000-0000-000000000000,NULL,NULL,NULL,0001-01-01 00:00:00.0000000,NULL,1,1,Session expired. Please login again.
EN,sessionTimeOut_error,00000000-0000-0000-0000-000000000000,NULL,NULL,NULL,0001-01-01 00:00:00.0000000,NULL,1,1,La sesión ha expirado. Favor iniciar sesión nuevamente.